,ROI_0,ROI_1,ROI_2,ROI_3,ROI_4,ROI_5,ROI_6,ROI_7,ROI_8,ROI_9,ROI_10,ROI_11,ROI_12,ROI_13,ROI_14,ROI_15,ROI_16,ROI_17,ROI_18,ROI_19,ROI_20,ROI_21,ROI_22,ROI_23,ROI_24,ROI_25,ROI_26,ROI_27,ROI_28,ROI_29,ROI_30,ROI_31,ROI_32,ROI_33,ROI_34,ROI_35,ROI_36,ROI_37,ROI_38,ROI_39,ROI_40,ROI_41,ROI_42,ROI_43,ROI_44,ROI_45,ROI_46,ROI_47,ROI_48,ROI_49
AA-9181.jpg,0.025437177597026295,0.1931845680453864,0.039589802400190194,0.02026372206864552,0.27046232261763814,0.06577699520873431,0.022505479708473143,0.04992237337136717,0.026830684041584375,0.0455451557678693,0.18760652805133549,0.14902585287294065,0.012615751000305167,0.04752989561484756,0.04760167038159862,0.019438334396223257,0.014703465071627255,0.014322606625325791,0.005879101095892572,0.10770842108942413,0.2394492308641861,0.10412810253899052,0.011421083418750082,0.0712144329013711,0.11026647696540766,0.08211485990367165,0.02800847610984349,0.1017023844774665,0.05648137862926637,0.03421120806586514,0.03015167182214849,0.20404193836474552,0.057686997484873895,0.09926821731472174,0.06284654387064267,0.006505425958063289,0.07801972366970344,0.006391441249655143,0.19383971999728838,0.04037482642101181,0.032403255459060566,0.1416772461876656,0.1045969986964212,0.14609314409125893,0.032617791893576664,0.06813050030802063,0.107069157360794,0.016405933775565915,0.032070189283456,0.08643978596492369
AA-9561.jpg,-0.004613022652121139,0.19902303585197528,0.061520966418357144,0.028074204217002904,0.2796844968319565,0.016738037284380128,0.010288082634764644,0.021814014791143237,0.005234767591047014,0.014703132411971232,0.13296490703953281,0.14116719960234161,0.043942162433171734,0.0211064139484922,0.03296949032499004,0.025659713254152484,0.017902844966314026,0.005789478843456667,0.015392937040882498,0.01151461492082241,0.19704238668722268,0.18495253654317215,-0.008291358112188197,0.0742583554234617,0.0723735707734552,0.06057138735583376,-0.0011567826668912242,0.08151956757548512,0.0338459098580457,-0.0011431986831000026,0.07583304522367036,0.23346663503203965,0.01351541331641197,0.018952615149944202,0.016777733757718443,0.012366087351315095,0.10455452091462637,0.0035544453149007685,0.16690986184819406,-0.009512933473547109,0.018308746155992837,0.0732745021263789,0.1058382778021672,0.12233867376991614,0.014774071046837187,0.016800945251766418,0.18249939160858045,-0.011876835478132184,0.0171693026721074,0.03000995811006151
AA-A041.jpg,0.11863173221583903,0.2939851881509597,0.06983486910709366,0.06607077615203669,0.20752719196161915,0.13614065929693184,0.11704386254878543,0.06899543816200374,0.040444225382923735,0.11897966261000403,0.1984479576363836,0.18546391713349156,0.027292576222790115,0.07146727128857422,0.06945271334421001,0.08846611179782356,0.05249934792289149,0.020809108240529534,0.045282093312918464,0.15037798516798612,0.27107273982823615,0.20253773095581878,0.03960649799639552,0.10763523796268436,0.11633124048963878,0.1749240562716499,0.045184888897063305,0.16231517168064594,0.07133873452668825,0.05330084590132359,0.1060728396329163,0.3017530722703809,0.09371961915455863,0.15308829673027682,0.08761945255338181,-0.006249712207184115,0.15738473254736066,0.012486326058854625,0.27325825800171855,0.035386731482582194,0.05292615240073526,0.11576463547582166,0.2054732452475149,0.14321079551347385,0.03955677332666531,0.10542011012391009,0.15280203579949048,0.060245225044655286,0.08919662014233576,0.09941265116346831
AA-A069.jpg,0.023888738775577713,0.21399776071583942,0.037540297936286174,0.025227901448486696,0.2283718399549213,0.002799054765912377,0.013735153155282898,0.06098703224070259,0.015107739260572435,0.030471784410050443,0.2660060657670384,0.21323644579287415,0.011075455930498343,0.020408536669450594,0.058123552942700885,0.010282450661212176,0.019605753108083258,-0.0070661550415050105,0.027001892128001848,0.02753643331434282,0.28003119423838024,0.07636311328562509,0.023141610126744813,0.04792323949942766,0.1569525182879279,0.08493201134004429,0.03414807225873484,0.06984762446576247,0.10085604936081738,0.011873814823198886,0.02181303936403111,0.19021809880599433,0.01834794119737738,0.008765671413157084,0.007362796422402171,0.03129113264072038,0.07807067385358417,0.007011813726900909,0.20026169045244935,0.018272622659721516,0.0378196642371729,0.16751669477899736,0.10590151684389441,0.18986377572048763,0.016864356911730112,0.033696044587371125,0.17379059816727516,0.02252383427475127,0.019059626335663674,0.05023128628222993
AA-A095.jpg,0.045858558026834646,0.2311384930637013,0.030288027914701296,0.011554256790785151,0.19970534860582292,0.10572456780879252,0.01124853527531538,0.03131130709390501,0.004165495362632792,0.03599640607958821,0.1865562804814786,0.18793160500369988,0.005381366058476727,0.05426701775870827,0.036092671525277294,0.03338445455194561,0.02069323980127737,0.004391255126521412,-0.006235337033356247,0.058626204578986284,0.2500818507599387,0.20376097247917813,0.0032847508271814352,0.053104262933113835,0.08496668652536582,0.0818911750691449,0.009394044339138796,0.0454906403629068,0.03434990384914951,0.00643519440105313,0.05474808745447902,0.25570406488507613,0.03441124733948401,0.08372173768595308,0.012541804432973766,0.03475186116251643,0.1540294921428367,0.022593579433936847,0.2725809654834894,0.0007643620565072674,0.023020504142789316,0.11063903448916454,0.1769938307455858,0.16547909898994598,0.021422607806344463,0.026094472777582166,0.12985215040634326,0.004067471653261099,0.052177113327752996,0.05881955552378066
AA-Animals_056_h.jpg,0.03107553090002696,0.22216989162040165,0.02808936955222717,0.0047519133300325455,0.23709646087095593,0.052817007206417806,0.044418338350617176,0.05534476393997626,0.01298007316634787,0.05705519226169307,0.24836891075465056,0.1575547724740151,0.042265616575376135,0.027010523505611766,0.06671235692322193,0.014840803601089575,0.019882126212684797,-0.0038777425911466256,0.02486434792059937,0.08319218756602602,0.2640608917543539,0.19937677852676325,0.008346681706253366,0.09057778150987762,0.10713084459241273,0.0851974666965068,-0.004747253146108918,0.11321543551895587,0.08818252019927257,0.015308748560957817,0.06025793398033966,0.3199613956359358,0.013230863954628394,0.07640603778861742,0.04359044822877056,-0.0009323258219599547,0.15906327688276364,0.001069293446245453,0.25844896051076105,0.03944816483652871,0.04083912061859628,0.16467255717897936,0.1792768884896204,0.09887653052737501,0.019808077921513338,0.02777168919877376,0.16683555010005394,-0.0016063715191842619,0.03877793426478838,0.06968071528644323
AC-Faces_321_h.jpg,0.012798954788893173,0.1607558810054743,0.008499271000790622,0.006369082341691651,0.22822987050515012,0.14494236459115054,0.030762265762470244,0.04852054811521151,0.0010714977810254288,0.024337888628809312,0.20675398652679441,0.16483729851368087,0.01992061960711775,0.06347671214969655,0.05485475876900751,0.006243377076792714,0.012717905388526081,0.013868345662686035,-0.0033380363331267544,0.10241027288105382,0.26036493552650525,0.09473425052285674,0.03474442656035024,0.03755782028147842,0.09761413324259847,0.02228863864264138,0.006878968949856348,0.09470013825528062,0.07715660954612381,0.00889884019142082,0.07905953670393936,0.20686628814492725,0.020161806934747995,0.05686009056935437,0.003049270853040168,0.005098056484641781,0.11630280052074386,0.01708088365717883,0.1986640935290994,0.02769102750330779,0.04767587731547005,0.14354040007965574,0.12153466786127397,0.12892246983724798,0.020581904398233875,0.0356948041658523,0.16533659915603047,0.02771793598295775,0.00517261456178263,0.05857192657043249
AC-beauty.jpg,-0.001895875073227338,0.11322578992311098,0.009434754574756078,0.0012351124971838239,0.2321534419443478,0.06560800175486092,0.040994820428821827,0.024819007807981776,0.019764812416057084,0.018537279612964034,0.11931490680867304,0.16987507173114028,0.020967026556955766,0.036510711759357516,0.029700592210121432,0.031565212618937126,0.016479396473032,-0.00264000763653462,0.005405385889735204,0.037535131254983325,0.22811915836141952,0.12955849745345552,-0.006708734691562743,0.030352593188045614,0.09500709248018444,0.01742164385052017,0.023972251885428935,0.06482359814548225,0.03675969837921508,0.008552893110562142,0.03103091158580767,0.15330807752841777,0.021829223482206138,0.035251627842699654,-0.00468559339342163,0.006869525528665651,0.059556607704441836,0.01094210496087296,0.12988554795679216,0.0210548895517156,0.003613044977904353,0.08574301244678449,0.037603843677772274,0.08800933607749792,0.009982865777828358,0.06998761255767628,0.16971118993647236,0.03572765118301345,-0.001428085023296347,0.05923514184330817
AC-catch.jpg,0.02863447455616197,0.09144801614772576,0.02491799543865722,0.07622326392997993,0.2428321940727285,0.17854458175629365,0.05328460424940439,0.027641782466464065,0.03301061809198787,0.06330327697623042,0.11978478908350913,0.10895127040990947,0.01398911172780031,0.03761628312410598,0.022411731696180315,0.06947649815733398,0.028288260006468002,-0.004003250096888811,0.02115376963380964,0.09094864047343644,0.15941179577304623,0.08149582823989918,0.002549005026669192,0.0410812696926868,0.0845533631131949,0.023117362615321307,0.0065102354497514,0.05424452760151962,0.025352479944012546,-0.00025666558943907556,0.03467555568537497,0.14078964495394355,0.04410968565599672,0.05339435524358178,0.01088187268323287,0.02856065211369963,0.07822386946464978,0.021686582254658603,0.16402784341727003,-0.00406936693031237,0.032167042802275066,0.07778587932325626,0.11103794890808003,0.061429056969159825,-0.0017398476944446742,0.00798849711355589,0.1514752830287343,0.003915191219185859,0.034750537987725996,0.01967154251105789
AC-run.jpg,0.03776809330180269,0.1137521065945904,0.0209117793030112,0.04927184567679132,0.21254545235449124,0.05002385158982874,0.016252598611962543,0.03732796054813567,0.0252642894692262,0.04633327495928882,0.12810829357510803,0.1345216926193953,0.0044234428145095385,0.050252495815913636,0.02651024898796257,0.02158357284257673,0.04225936097188568,-0.004466078076221615,0.009518904581035426,0.029308395329917834,0.18159896782726598,0.052410690724571676,0.011496723226979795,0.02762807032513062,0.08243561238154773,0.01915153351635703,0.01193942490001589,0.038404566288970335,0.005601569559686298,0.0006551361281432539,0.050214361993202075,0.128708020339609,0.031218496308887712,0.015562894621335942,0.003688243190839525,0.028294386723306517,0.03928580287494391,0.0011112460270646747,0.15365839319228558,0.004521984826836057,0.00847763125387451,0.11558446396899871,0.04135163958337394,0.054139492704880374,0.019281416771882207,0.04223748011066179,0.12477395794515467,0.025099434642039377,0.030438016432801505,0.018905203238102672
AC-trophy.jpg,0.05449259166266642,0.1579932313262491,0.047288353045944205,-0.0012189283409144284,0.20502643612891913,0.08070924351731767,0.06451245279168571,0.00772833676556546,0.040878290998331075,-0.001696586494724752,0.1325262490963974,0.1721133381271423,-0.0056479250357199156,0.03953337220012975,0.019680048029472142,-0.007463264764427334,0.006837938107247781,0.005172647498823263,0.013032335081369053,0.09102999946023548,0.20388741327885426,0.056986482999063386,0.006699656599634981,0.029143055943152408,0.09698797741841395,0.016192326436840303,-0.005342868622159668,0.02036746665895431,0.03435976882077791,0.005420853705086524,-0.005610649814379369,0.15809042095300085,0.04500829619999958,0.05998557271783501,0.013126551712201071,0.004165843352219413,0.019363869586065282,-0.004310851483335625,0.16282990151528173,0.0026193960957862725,-0.00037267560906698786,0.10243722338633363,0.059942305521761746,0.11202352108858982,0.004625235241811791,0.008637252993764458,0.059538880073361604,0.0025395892633629604,0.022497087134084492,0.027933941152863084
AC-volleyball.jpg,0.017161366709132365,0.07102267897803667,0.007385723502985867,0.007364617162199381,0.23552096706624648,0.04629743651952349,0.018316710208104617,0.03703531768908428,-0.0013930534700515463,0.004716402101359231,0.13852263940968207,0.14133710984965017,0.005771984346583915,0.021714883837744343,0.027317989967000633,0.000982736489622782,-0.00030227293859912027,-0.003694766561194925,0.005406083684405798,0.040584721513209736,0.16170289462620666,0.05327690268844443,0.04125738794757877,0.028618241440321653,0.09501654713470611,0.03155396589254281,0.008054078021808936,0.0373475587466393,0.03769532516443899,-0.01143082626063501,0.02094951459741403,0.10808859296693016,0.03285641550817987,0.023704295055176208,0.0064289239858733235,0.0032788811239025215,0.06072981767248209,0.01678002114946743,0.1202449711268534,0.003790314747527741,0.015920921258383052,0.08103556531329736,0.059552452217810734,0.14424408742669126,-1.745692157243776e-05,0.016302548574844967,0.09236703584167794,0.0059242808855299416,-0.00800071354412589,0.029644725346601005
AT-4574.jpg,-0.003923028959668518,0.07107256444066,0.013213556797615648,-0.0010083954485323805,0.2028774771751932,0.008101474706517507,0.022479510305772703,0.02159158054168245,0.008025150852782426,0.016528583440077693,0.0817373546469903,0.13938834769017533,0.019433390151306757,0.01792692880406286,0.021953750591864496,-0.0027834761142175816,0.01759988651431293,0.0002276291260084638,-0.0051923849436198025,-0.0034195728457632867,0.14666988705418954,0.06564232308672491,-0.01313226099808155,0.0037876091570221435,0.08027276994757367,0.04515874477176002,-0.008080151647879443,0.0578275553799943,0.04318624153190234,0.0004246864757995303,0.04994592105061675,0.10689988235967567,0.008882969370355443,-0.0025604787563426987,0.030173593909085777,0.019188033514543876,0.018804380796661625,0.0026526023507897154,0.08084143780409457,0.0130552634759934,0.003625874442502877,0.07333037532234213,0.026169908488999995,0.09699570441997711,0.006823437386356504,0.02504702817763173,0.08377016502450234,-0.0020875442983094507,0.0037549762839740536,0.008476678626320039
AT-africanamericangirl.jpg,0.047350003085976894,0.0691937464140915,0.03197103017391123,0.008741433480396892,0.19977143022389882,0.0013127702773187632,0.018306495001160623,0.009782482616840426,0.033100713797009254,0.01791689940763803,0.08166697779711139,0.15429824280437868,0.024217246264476966,0.008988000704631982,0.015038285521890432,-0.00013676725632503863,0.011083475845801376,0.0038158868631190243,0.04724620295281477,0.05082407738761615,0.15485974422917376,0.06886979842654406,0.055434996427158725,0.04878259069598746,0.05578596815611461,0.023542574762236413,-0.00015147965946221876,0.04171486902124471,0.02834177862868245,0.019209160052527693,0.0018270029025917003,0.1453538342993179,0.026376809369212714,0.00470313732378549,0.01882290179931233,0.022969397171935562,0.04722888321212077,0.014214297929875611,0.07501901769891708,0.0035959839303074483,0.06784072092075766,0.0775244913251518,0.02774519288781352,0.06569347337290504,0.06347524760697662,0.027197428832002737,0.09293596752593826,-0.00017395639893503132,0.008147531223674304,0.012289133479240958
AT-asiangirl.jpg,-0.008618746629165609,0.029136931259589265,0.0018648501280704268,0.015851656871185813,0.1718240541579181,0.051315650633627294,0.0008634694686224196,0.020648237739175054,0.00866767151630966,0.016745524588030813,0.06758712842882623,0.10328443490831028,0.004825739177770454,0.0091337325534181,0.02965741851766952,0.006518688952181465,0.011980898152004663,0.018246646212490118,-0.01108930923785122,-0.0005712443873977737,0.10885622255661136,0.01776597900824676,0.03794023797858239,-0.0018682978907389707,0.037480303495841576,-0.0022328816724560365,-0.020995293563950086,0.023484470894664,0.016613573603766262,0.016563570404742062,0.02784538861922102,0.06676129249433775,0.005992482231098574,0.0005422724177136706,0.017768713532142693,0.012175365805805019,0.007017275410102824,-0.003222817609182576,0.08197408344242504,0.08336107769788814,0.015032796199414836,0.09798824019276195,0.019479444105282746,0.044739221963132035,0.005555585164475659,-0.001360938590008236,0.10438610439538484,0.00347781089913079,0.01389005476272185,0.014695563534607999
AT-caucasiangirl.jpg,-0.010469637281365364,0.03968858125544243,0.01357467702445528,-0.002949194710962271,0.16673774997669358,0.022558844509699146,0.03267381192400955,0.0044717103546476145,-0.0010348411448477903,-0.0011329991448957742,0.044258514050414456,0.09630900380485348,-0.005835826351069138,0.020968888624921782,0.010483158464928179,-0.0007299952069869345,0.004158538344447153,-0.004806266807854395,0.01155323210004563,0.025882744307127007,0.11838733488772524,0.04769270269954683,-0.00737474776077095,0.004678349101073669,0.024377922513548395,-0.0009851837047061313,-0.00918765314764048,0.004971293664175566,0.021668258352091452,-0.005043850410472303,0.0008534805388084407,0.038415022277935466,-0.004448327794236204,0.01142111076185101,0.0002108146495347715,-0.006304738732545385,0.004281485966729101,-0.0011937668528113103,0.04593743144965625,-0.007356996467778446,0.00813172899324794,0.058071130846499265,0.002631051586193185,0.09625215365454438,0.009748809332920888,-0.006289017255318363,0.007702471154318143,-0.0137767543508561,-0.00629469372707256,0.013576134004408418
AT-caucasianman.jpg,0.012725058181201558,0.04570424885404868,0.019447720087991466,0.04800527882902272,0.15209793147282238,0.0023427482589450255,-0.00941450212522326,0.03991274074421273,0.026987963376386082,0.02354206339178344,0.07376184490810861,0.1488473421221557,0.01900220498588354,0.02269166113265914,0.022229521837184754,0.007791600541725092,0.020499074625908158,-0.0003902785631885335,-0.01041440485070114,0.012193853664325701,0.16938486603802813,0.033803129463392534,0.019573435404494088,0.014287115863026003,0.03689468868451012,0.027574129578326622,0.001156047558628752,0.023366925811827522,0.05586924596810006,0.008372124578403627,0.01734127338196478,0.08166258406479672,0.014368266274232454,0.013146482869262009,-0.010659318652270768,0.006387163558924966,0.017809252856286983,-0.004132881466061881,0.041510610683951926,0.00799881384062072,0.03435790909702504,0.06641148026043242,0.008857276620364061,0.061383984448359304,-0.000897361651403016,0.002475177424524968,0.07183780984431447,-0.00780804017724873,0.004903451388581395,0.010828235258761977
AT-caucasianman02.jpg,-0.003125330805362623,0.03765565956464215,0.02078479789898979,0.007972351032724844,0.14292493067259368,0.017842231273574857,-0.0039214143046396345,0.007245975224437866,0.017910309391260475,0.005506359033799138,0.0725637245930531,0.12734005120924796,0.013783085140419869,0.016528667239841005,0.005091657930606467,-0.009478467655041947,-0.0017510883868317964,0.0074246565654002145,-0.007601259090779238,-0.0019065902793505107,0.12646119482384502,0.04485483018216037,0.015267571851394683,0.031574316104955646,0.059468942475996815,0.011520201941824307,-0.003512074470335237,0.03931210190762396,0.01126412073140105,-0.004128248000844169,0.008603929925836305,0.1007701906823556,0.006598024328174648,-0.0033110401431729066,0.010806961656818565,-0.005203962632380702,0.0039689069323224765,-0.0022756867182789175,0.026196809389773226,0.008368096192248882,0.013746658262552778,0.08012260130854022,0.015553607343302606,0.03916579182018489,-0.005697499897875045,-0.009671457988136883,0.06733406854364676,0.0023267147653661057,0.0014708710204659674,0.012440392369296102
CA-1440.jpg,0.020813657010736585,0.10256282996424507,0.03252825053652279,0.006152738754695327,0.15588213040757576,0.0011315321169631473,0.008900783472290778,0.011404767005787249,0.0032901979234559926,0.010987391790452146,0.13560441099468556,0.14420938198105757,0.0010246808095453275,-0.00161117226152589,0.013093553986236189,0.011643160818168337,0.023139245307895323,0.0035992126683551113,0.025004353821296923,0.0013534522435346044,0.17196048073824977,0.05186170645289836,-0.003258561511786164,0.02179899264397641,0.0510992069158311,0.026350100050067948,-0.011649258164241975,0.03178188408878502,0.011970736939198487,-0.004208936941717629,0.01735305092961134,0.11698008099781866,0.031842944258722986,-0.0052213037256733175,0.0029878109278128067,0.0022541660784278395,0.02134837833128697,0.007905517413399047,0.08817650386728122,0.004210800790022082,0.019975172018489556,0.08722012207116077,0.0351409301354091,0.06039587231495876,0.0052850147577136524,0.002511307790874786,0.06130503792940768,-0.01660427157734058,0.003686249233844044,0.002907492216528161
CA-Animals_191_h.jpg,0.0023272057505956054,0.1200711197864879,-0.00508893475894885,0.015814148674699498,0.25861410858163886,-0.0026766752039170784,0.0058533129722990315,0.0013747603629595789,-0.0007411233305009609,0.018966544642485393,0.17591396373110027,0.21780475414718883,0.00437101067143749,-0.004468017425857442,0.027213124439403054,0.013849232917421662,0.0019309388214321167,0.014764699529100828,0.004962941800845524,0.02130423605645931,0.23638131765617845,0.04892081505078916,0.011957234320380398,0.036521595073786745,0.06882450844779867,0.022674138436756194,0.013086429999733296,0.053243029303347726,0.02098087112331349,0.0069396763296144335,0.026666287796729422,0.10757287807858291,-0.005221723084812511,0.014222063954264267,0.0008721924480840648,0.0010078488793427223,0.020306451514848254,-0.0009104076582544376,0.10643753200812162,0.004611775367594058,0.02041073477713767,0.16028544242642848,0.05528695813821347,0.16297508264271127,0.01827494491178644,0.07514644150100508,0.12011940884245548,0.02026592562809158,-0.014991358247254134,0.0020781792499307687
CA-chihuahua.jpg,0.013796188484607437,0.09844801785938816,0.01197471102031993,0.018856584287663625,0.1543106444954811,0.023415659238198664,0.012339426896178597,0.0377480300372506,0.010432778104699678,0.018368940543905934,0.13741813698477223,0.15678414625202977,0.038085153724379414,0.004544576576409333,0.02724464243404721,0.006034400181816957,0.006643132836352561,0.009562379145523025,0.00830527113864768,0.005803833689570175,0.15617618414074583,0.049923480870632045,0.007249739864872053,0.006336758607140532,0.07703717803625575,0.03590726086003127,0.014934910558310312,0.003816459598939592,0.07053269231408957,0.006089034375754672,0.020644352768874823,0.12910597306772795,0.008797901325259493,0.0030394891348614586,0.0031597618993477,0.017827572812425488,0.012678022379454203,0.017568419943451482,0.08956099773090977,0.0067702256263124485,0.010694123790388466,0.07410611545940222,0.005559013913597992,0.08980721092094017,0.0002291338031143189,0.012967917712064847,0.11224711496094882,0.03203236541044011,0.005464259541664847,0.020566714083097057
CA-ducks.jpg,0.03013870644502302,0.1524060948456448,0.004020074288462031,-0.007949062056114427,0.17858297072238583,0.013976791180535462,0.0037723822779650476,0.007659671469571919,-0.004039987219966984,-0.004726757497608349,0.15972048560698107,0.21397997057077642,0.011164645134962787,0.002581811550896406,0.012151085772701565,0.004319068238068874,0.009655435572020496,0.004562704754330819,0.001965547832407673,0.03215688962564485,0.19536976351616844,0.04847070893890687,0.028021162887418825,0.020239557798993356,0.049754832378117765,0.00785646887733055,0.008609947178630359,0.02155274308672633,0.020196616296810493,-0.006042225172562753,0.0321007321924,0.20315004085923238,0.015181108757408168,0.014282002067643655,0.004556368625571941,-0.005412592318912382,0.030025629937974592,-0.0060786315457946995,0.1196287080799793,0.008816498720950859,0.00629595487853342,0.10810129762507117,0.02452697367564653,0.12292316843171314,-0.004182667706970921,0.003760549401639446,0.1253104995744434,-0.0070145028472666454,0.010861568971877046,0.006186376844710166
CA-lab.jpg,0.002309261498001777,0.10008286745122535,0.007938281918784458,0.0018470670893587788,0.12219655322083973,0.018911542753074367,0.003890320287565293,-0.005986322431070504,-0.006913132801918131,-0.009719235375538201,0.06580199585380066,0.13471779997864955,-0.0021726057118115452,-0.0061641388612630535,-0.004327697370016633,0.00541776675544849,0.007217064423107449,-0.005667414907599281,0.003691891373582601,0.014844444594150139,0.11013578097790903,0.09810883752441259,0.008589248418139203,0.012930515506638065,0.03409974890087889,-0.006988381838179862,-0.012069814346814514,0.00024453727116703817,0.0030483734785167883,-0.010743349218000393,0.003454765140861305,0.08189779532416788,-0.001960555836682236,-0.0009931794250746995,-0.002088286513089746,0.0016848071034044011,0.032920224994280545,-0.013241388281419833,0.07070021929325418,-0.00766701029889419,0.007520390682813241,0.04663029277117858,0.01196497638767207,0.050576438199327944,-0.0058100882636017625,-0.005890608611878922,0.0795021989831457,-0.016898408044596382,0.0012503465482565932,0.010359631537072374
CA-piglet.jpg,-0.006265590145319583,0.05640647693922278,-0.0026059281719438897,-0.005051496692188111,0.1593377241794858,0.019964405430856563,-0.01088458247908931,4.0574205170190666e-05,0.009959141331525484,0.019098347017571633,0.06021104890857112,0.11246452380656358,0.00014219725633643994,0.0007057077754783527,0.0045136263310482224,0.014452989784668465,-0.0034452230354902486,-0.0004274879626615266,0.014914653272276104,0.006368396037236373,0.08670652947820934,0.005941456526721671,-0.010479183847494588,0.006937963716324588,0.036307602133853874,0.003850811295147315,-0.006005598594210577,0.0017489500883439504,0.004005272495443547,-0.006457742648883358,0.007922723162802504,0.11665435331314458,-0.008106683312985719,0.006810728910063223,-0.005637269878172665,0.0015614193457277568,-0.003273954476187616,-0.00963493771681397,0.05047936112223943,-0.00034028605698329864,0.01138720112516716,0.0675167562813167,0.003928220981840291,0.06017684682968182,0.005764702397204754,0.004676389869714035,0.0913312544749687,-0.007299636241610637,0.023679936023904415,-0.001189146183320578
CH-2070.jpg,-0.006417733577026285,0.01869441409311606,0.005238759772595528,0.0037042820539342474,0.1484948062589675,0.016585999651396274,0.005476642705572655,0.02291054889196131,0.0030976335684462074,0.01933728853899189,0.06492064484650278,0.12705232818173592,0.020412825231079606,-0.007349153134049088,0.012846680258021142,8.494476711724565e-05,-0.0014135672458285328,-0.00037196254490660886,-0.0034203937160747974,0.01897941414937697,0.10479967609144886,0.00577888608597403,0.02527711179431147,0.014952477053712155,0.04745477035928356,-0.009273669707078401,-0.0148237094474838,-0.007083245697052329,0.029641031054101784,-0.007251262900500327,-0.006186525626440886,0.027157036784983993,0.0021328304938071103,-0.002250703184729328,0.010063119798641022,-0.0006418728968793125,-0.0027638092110456496,0.0024311326705062307,0.017842973157540125,0.007421456040729313,0.008410177572595151,0.08181655057991485,-0.009461346940879347,0.05192000066698416,-0.002811408307906487,0.003247029679098438,0.05500831011356609,0.006991677809978239,-0.0035397812234993693,-0.002456598582889421
CH-7325.jpg,-0.0033716828957079115,0.170316202625876,0.002392094188621563,0.02159036097400491,0.26619295766888784,0.017385098759677215,0.013062450625419985,0.01175011287515457,0.0014121627308717663,0.00952660239110157,0.20086686865563075,0.2073498117021958,0.013705655824614442,-0.006339744539746008,0.024818869476055844,0.04093724795401039,0.0166859354007523,0.009176941337207537,7.751106243928756e-06,0.006496737822862753,0.24026916779417476,0.09415898553769804,-0.005786663965477907,0.017639138576497054,0.0873251480088169,0.03519762121866696,-0.0018514519476844926,0.04972062066818315,0.042939684826957876,0.004272838955630036,0.010958449478036645,0.24271403322859955,-0.010294329819206395,0.010529628784766973,-0.007488274010561262,-0.001979571010321311,0.12869227398254451,0.030693447040531414,0.16986670417981495,0.01134213483425967,0.020431381938205023,0.13012027838045162,0.06839185334681262,0.11952395498088238,0.0026068496708352034,0.013937209585671602,0.16135186666170753,-0.0037691589263929345,0.03505478022170082,0.0020535116746024226
CH-babyblocks.jpg,0.005557957310558664,0.07239587925798738,0.025142840957191787,0.0011966228354441679,0.14841737419153322,0.011804407457867148,0.022481336386357204,0.01967740879477181,0.013388163835484447,0.017350194941825707,0.0883742030072676,0.14193792295432073,0.02146068473067939,0.004043004730163488,0.022691195544243526,-0.006594506765925917,0.010691168267917307,0.03693754974273077,-0.004918318904219613,0.008360009142416117,0.1565239442530423,0.019277175297159953,0.011410875282983662,-0.00027955667767733637,0.08205091506280077,0.014459981081716566,-0.00802521183560292,0.0295181959624703,0.02577232294383023,0.006638469754674121,0.013016446075934187,0.09080511850250246,-0.0014223239834697777,-0.010873452651214678,0.016534236702856215,0.0011891585516468966,0.0063635696156907956,0.007027981724234735,0.025875216926961805,0.0465948083377904,0.003785229588807974,0.06253788198082742,0.005374164354857116,0.08676834332446845,-0.011985171330403015,0.001331148158469165,0.06791281147888555,-0.007134220951581305,0.006803620729327352,0.015562177239904528
CH-babygreen.jpg,0.008029007532224809,0.21353740847552707,-0.0012748308660764371,0.023027598527603346,0.19591364742269227,0.04405901393305064,0.005518970931239439,0.004578393870390242,0.002318894313298847,0.019192795398853137,0.14763915056664031,0.15226371881884512,-0.0016924371625875816,0.04799809094460182,0.012249596965918397,0.02893700200189026,0.016654119194439904,-0.0008983365418990907,0.0004910551051959662,0.0023819453250430002,0.15322347205970924,0.0729250887280665,0.0040395159992596885,0.011638286270984587,0.08359080865325792,0.005252205313734697,-0.0021068311167478696,-0.003321359682766928,0.028069625100018022,0.004024120755892134,0.04076911698284601,0.10308436962174664,-0.0016209230521910972,0.00985176966261558,0.003479807717752796,0.03278588990898375,0.03844192238439542,0.002014657415466374,0.09598122331586378,0.009001914857832671,0.005781703521490989,0.08534444061650512,0.022217379460777023,0.050474729575214934,0.012784589335585917,0.009004683881086908,0.09840916922138143,-0.011114434071473608,-0.010035171295087174,0.0176631839804219
CH-babynude.jpg,0.04033819465486135,0.05979775420186329,0.020132674981620028,0.04497434791759205,0.1105918700941116,0.009376417298924973,0.020125695445810953,0.02981011701404467,0.01915281698985496,0.019433417609729123,0.05825218502903479,0.12229829558769165,0.019117496234560345,0.006817143455018374,0.027398711756065213,-0.006279245569607993,0.00033268416069920034,0.0024929427560288053,-0.009460088518854382,0.025767471855701534,0.07918760904534118,0.06667690813199448,-0.0020163819514136534,0.03554635674131173,0.07657758215162855,0.01833901814354292,0.01417650972004756,0.013247013619438208,0.01272871360845902,-0.0020191067800553004,0.018651105922703505,0.10340338248637336,0.020100438314620012,0.009994149761450234,0.01229457115846565,-0.003431825851612342,0.009379272402970588,0.01738272244436741,0.06862079281672362,-0.0006808929316989744,0.02551953776186135,0.08971413810669733,0.025932969950853133,0.07742712386865026,0.00118310263241613,-0.0010756306791946686,0.057716029925721266,0.007070387694522909,-0.011624297757798961,0.02709288676983276
CH-girlyoung.jpg,-0.00021143507873169805,0.040819362025171856,0.017587215102737898,0.0045714144506841525,0.17492482684493876,0.02162656070376327,0.02387168164202152,0.01586223446516575,0.0026301464434744853,-0.00920305971648634,0.08072104580965364,0.10342412913239055,0.002322933274571884,-0.003868392925103474,0.011762082103788459,-0.00479137238507539,-0.00012717498897684822,0.010340390440164443,-0.0112938078154442,0.028444922771712074,0.1272784511432594,0.02065085856322645,0.009183173058987953,0.021825103037501983,0.0452347600778242,0.0040969957104856425,0.001294494937262607,0.011036429560067975,0.016218608853041272,-0.0016920345031163771,-0.00362123733626598,0.11065981063095669,0.005482887545436991,0.01152775315889422,-0.002798345514463709,0.004151372260704298,0.004247286279809851,0.005987901222962135,0.03196808759519972,-0.0019743264670432047,0.014775739645027234,0.0673520752926989,0.007346755838870247,0.08979312551673055,0.008495748634959159,-0.008421865606129347,0.09747667796521192,0.0007284409844154728,0.02575749802646524,0.014493009197425985
CO-572046107_d1.jpg,0.06266088701700102,0.324570562202128,0.08101668755445808,0.03129192960770811,0.27516120960173285,0.03277795167280324,0.06665176239491016,0.03382113912906724,0.015000398576550009,0.08639966604362911,0.27677266627727576,0.2271738851120919,0.02631711970956767,0.014214467348218289,0.05627400906564984,0.07122014879719543,0.048120125369170624,0.0247603981776846,0.0652316493858182,0.05213827464443291,0.29619232730135914,0.19121910885105853,0.06910580061120174,0.12355257846206649,0.14632125917336916,0.06942923690524869,0.0700123523121503,0.1639211309758994,0.04595983921822184,0.011808135295757423,0.0745024390284141,0.2413058549658425,0.1074763648631442,0.050897017377969554,0.03295356886093231,-0.0017758378980642668,0.15235303534407438,0.04017193497414423,0.2908501915809295,0.0114976783811517,0.05268571266345526,0.11791555154695438,0.17412911951268623,0.1876502511529519,0.02083762825691011,0.07986706363779292,0.11455646154397742,0.0265102141250871,0.010699960653804134,0.013491527250073883
CO-7359.jpg,-0.009669203240547675,0.16998027255921197,0.018352047063175794,0.03940528720059842,0.18658869228715463,-0.003488154472311382,0.004589815267630952,0.008126075557558513,0.015835555956027914,0.028882535519824275,0.2092459556205724,0.18937411861671388,0.019659570054774846,0.013520454271885711,0.03237527768148531,0.027856641244351103,0.016136707924549517,0.006057472292619093,-0.01506211023755766,0.0035566379448120885,0.24810675355674927,0.158560955460292,0.0038184513017461485,0.04188741489688876,0.09698432504872927,0.032856342500972725,0.03079367608345413,0.05125436239383946,0.02064490700603194,-0.005125863896745192,0.0241162295950033,0.1675791617288696,0.006083408127008511,0.004167413668734664,0.02139116280047909,0.008004009083784956,0.13966928712909846,-0.0015624322714984536,0.2206662004429242,-0.0070446710038866754,0.03172179471694513,0.12615498350138618,0.14044070691236768,0.09313575627480963,-0.0035657103829204355,0.011371363391305957,0.08921568121174987,0.047840852414275686,0.0038671885848757747,0.0092720513695572
CO-9300.jpg,0.030706459920248473,0.29866364375209037,0.014936915655218477,0.008201516515376595,0.1725366873109334,0.005266122064155591,0.05107781995362387,0.04011921344743202,0.012022299657000487,0.02633090688790954,0.34721352473777584,0.21987152300660417,0.021906900707632748,0.0039597842123050885,0.0520998283996886,0.009337003622189621,0.009201430828069013,0.001953854348614472,-0.003406658795191825,0.05567743992177883,0.31523160375366494,0.1150240703195113,0.03817965159439949,0.0797957531703795,0.1532136280662288,0.12403833491324957,0.043418574014001995,0.09265796385812732,0.07575167203129678,0.00698508782691102,0.017550779569630623,0.22419561443611546,0.024465697932933916,0.06628099881059679,0.029515618457655428,0.005212644249680531,0.06674432303096053,0.005419272963197716,0.266918609779721,0.0038544745334035497,0.04284030499525376,0.16928671354124544,0.14071414315741804,0.13842860672474874,0.03481429280837972,0.049535718567151235,0.11881926656137046,0.0162069663536492,0.013292813674435907,0.01065246998541069
CO-9301.jpg,0.025829697530627527,0.2248164792110177,0.027626792622518773,0.006236844761269675,0.15448878587236275,0.0283542262297668,0.0824404052250126,0.0551755573660779,0.04413208657622068,0.02769896604242314,0.2219911717114251,0.17434257298678413,0.04356888261517152,0.025001561672736986,0.051158277903126034,0.03606307395709484,0.03602838822328572,0.008098728856985905,0.02770899227980033,0.0663451689888783,0.24579813099549302,0.12244772188800913,0.01907804283450681,0.054481048714735476,0.11766500065521589,0.10127517021939779,0.016445679618789424,0.033808163960909826,0.06666872406150462,0.024168618832978963,0.04867810601569657,0.1242826560714574,0.03544775186703478,0.06007765285893822,0.04948581886958137,-0.0014155324499017718,0.06851219766947103,0.020700286163775568,0.17962877413225792,0.012771430350007057,0.0295924950550592,0.09038004933159821,0.10937970375536034,0.11199369932835743,0.013088147750241079,0.01346376205439589,0.06935287719972277,0.014167128665410115,0.01907702548007996,0.04036061643195641
CO-Objects_011_h.jpg,0.0196906270563813,0.20314509713901857,0.023668722231966748,0.02552897432120418,0.25508458858166017,0.05914089639750281,0.025198705432065198,0.04611903736925291,0.025979860024555164,0.027017790706094322,0.2016865451632477,0.17169441429423346,0.023589758336629924,0.021168298921013583,0.046774510303075244,0.07296612184918382,0.03588697995883122,0.00015297181525595984,0.015078325693392113,0.04913407486285159,0.2577603755102364,0.13033181832893245,0.027030357044006224,0.08284743547440539,0.07379484477818711,0.14844029507932222,-0.008779881028414715,0.04844349563058934,0.05614937577818143,0.006514696897394487,0.029242308888218646,0.13182756741668603,0.025833937368420892,0.04738589879564184,0.017780222757351784,0.007487599298827403,0.09073585430641369,0.025579607132320527,0.2554003769358145,0.009288675724577233,0.017837799772839884,0.12071781923115611,0.10734640478259222,0.20793153930861694,0.1001622226829032,0.007416804592634269,0.12569751186049,-0.0021074877393342027,0.03186652265825706,0.027184167374452478
CO-polution.jpg,-0.0008531625225762284,0.1927272316536318,-0.006583094457099446,0.009469592520900606,0.24700174117449425,-0.0053359993847433744,0.013368673951177398,0.011975215918662912,0.0009027384571729781,0.0024847313879395403,0.21388061280350354,0.1626597420210485,0.0017726605987126941,-0.006842675806696063,0.025262420603251824,-0.006615256392280324,-0.007553875655860037,0.013345404061777862,-0.007879952750657428,0.009104956933613042,0.2771690083228669,0.09437280403147662,0.030454724972705634,0.014357520369974626,0.056418433414290974,-0.00010308053676355638,0.008401478738408458,0.052532355354980804,0.04217686928935223,0.0010414749414226561,0.03492463096852832,0.09255279814488382,0.02500960427050735,-0.013321382432882866,-0.00024294905199393933,0.0026121992442272603,0.032443268054012216,0.0151032801892263,0.18228390986617055,-0.010386219128049582,0.04665192653730773,0.1403303626430276,0.06959128381882625,0.20811003349808732,0.0032273615552375367,0.01710788271547769,0.027765800034896714,-0.0009229882324686034,-0.004245253722809109,0.011672422735021146
FA-failure.jpg,0.022592241273022888,0.10606138059619201,0.010489833067993922,-0.010622083733243784,0.10292502222990957,0.03406804461424408,0.0058695235300627625,0.005147565541875998,0.013677539713396268,-0.01242522471947818,0.1525666606230292,0.1270225963055749,0.010483415312011038,-0.003418350073060791,0.03053252058418258,-0.0034659126533345074,-0.009614672750725634,0.0018680710317495884,-0.00048608303245684976,0.024914613425835074,0.2032423044948418,0.006947385223073153,0.03199586990041021,0.03858360770664305,0.06803293004005934,0.012938727178980758,0.01859007077551087,0.03717785954939956,0.03603867687194086,0.0035978076356576304,0.004217020009379826,0.10520424689221768,0.014535961815407887,0.02816849761778907,0.0074046183186163165,0.006992859586244123,0.03624636395091331,0.00883964595634753,0.08961163187946387,-0.008558143391585534,0.01583858977189782,0.07844013215867865,0.050449812824369084,0.10547606110617593,0.0221904572024319,-0.000977777680152035,0.09882886531310105,0.004123202840803956,0.02302160988467848,0.024210271052029848
FA-imrs.jpg,0.024199355738729774,0.1362799438478345,0.044418763538551315,0.023198581817096615,0.23041996795245048,0.12835291102481888,0.022086537673070557,0.04265466612912932,0.024586364476703215,0.04041251205789925,0.23629238751015633,0.20236492960494848,0.013025772047668497,0.03375278775378789,0.04719666232841631,0.10452335621985794,0.008588716982356196,0.0029624960783655105,0.005198515661940393,0.10869927932399505,0.26536147341884714,0.11867882978971783,0.005425055948348517,0.06735887183458082,0.13475446800924515,0.05971031636862525,-0.007318610328694116,0.11015433922854793,0.06412077701366344,0.006830216552837264,0.08364082458042468,0.2585177427887601,0.057981651447724436,0.10928743210598353,0.02541422641411504,0.014589007812153361,0.13417925674893058,0.013290794791591284,0.24159905046605304,-0.006628505077783716,0.044819818676554005,0.14627009504483027,0.15261524984753502,0.17798085735014543,0.029264181208123474,0.02332828808787594,0.19002216398093139,0.00803030729780131,0.08932741514326925,0.04865775261526271
FA-market01.jpg,0.0038795858480254763,0.08460999777402417,0.02458439750682275,0.007412895563864211,0.19511807414974142,0.031655610445339606,0.007968726892466485,0.02300115856903664,0.013244721713625805,-0.0009781673127131718,0.11377364473679373,0.11732817353592473,0.004786603280935514,0.008164822233617874,0.005509426198753825,-0.002355606734516746,-0.002373473268514218,-0.008253386571905906,-0.007627676573369604,0.03295253376851227,0.1847131878248056,0.06110552286468418,0.006488843526270075,0.0323896611811239,0.0822089723676948,0.0258339934429126,-0.0114619366738635,0.014432185809565899,0.046148120927131255,-0.009221512699351958,0.010749553182175643,0.08918369905298767,0.025232527618645306,0.014140642369277761,-0.0038012993710396735,0.01881034977872535,0.011894027127353643,0.007023831811088191,0.09209748002392232,-0.006276742519787912,0.022623433144711935,0.06211128968093419,0.029416902290919242,0.07994894844787176,0.034304223992155096,0.01869905307664618,0.08757688569859988,-0.008125253313571498,0.011236266906647543,0.05593774943230612
FA-market02.jpg,-0.0005364674898896562,0.09311266418762061,0.023357987165324706,-0.017716793174728,0.11622813138486834,0.005221081367842033,0.025213377287788732,0.01672061129144641,-0.0036727979181647185,0.004872008118281904,0.10828809590397426,0.0865589738571504,0.0010835785570262138,-0.0005036618571465213,0.013539230647631755,-0.0047509793944423544,-0.005675475010700555,0.008500576728239301,-0.004564781809712598,0.021766127390658925,0.13830778462525833,0.07890615917509439,0.013795843975344797,0.02982471322661311,0.057245420357324085,0.010645441466354487,-0.0002764464816870411,0.025587611128989336,0.042316840908099396,0.0057392828591784255,0.00607208096547559,0.08028604530080623,0.010503217725383202,0.008664115842084924,-0.012163902512819675,0.00429314205882714,0.05633480486346826,0.0004976922605130557,0.09048002786758541,0.032772998565527914,0.030438062454545035,0.05499083944487273,0.028949611584648965,0.14266089457925354,0.009511733966037841,0.011905850511803236,0.07925905672733415,-0.002055882653268889,-0.004031337782062887,0.01203710784156326
FA-skater.jpg,0.019298198828211537,0.22345299480793548,0.05470496327147501,0.027037888294167974,0.18278699148445257,0.13378831100810715,0.05702861863739661,0.08867819306796136,0.025204315251245578,0.037026691221601085,0.2698565183183633,0.16352144989900552,0.004188690761497633,0.011232631699246697,0.04774958417814351,0.03998543011410079,0.024543975467062714,0.010553222046112386,0.021027716652294793,0.05284561547635045,0.28673408699557873,0.05515985173823312,0.02407134085452672,0.039456688902898496,0.15249064231945958,0.047256735823386894,0.01081164039482591,0.09378836543969919,0.09324501701044367,0.0034351972387373386,0.05360765089826495,0.1875516929376096,0.053082405125540896,0.028049936788040512,0.028280637735604058,0.004703634464214092,0.061472353428792176,0.04352515990806237,0.1515447655267973,-0.005013097968975241,0.0813219293567463,0.11261586226924494,0.08102807041755031,0.09614050309477085,-0.002631342633989277,0.050489394487029556,0.14267932668219752,0.018970465249982707,0.0098270966767105,0.044383255371237725
FA-womanfailure.jpg,-0.010299778070556015,0.11088608465765804,0.01551041058224606,0.01644641468261014,0.251390842362695,-0.005022800582091396,0.0170791755700459,0.013605753769453641,0.006843106518799395,0.01856298796886504,0.1694036753022748,0.2393674620283586,0.0024788280165062198,0.012370638574474914,0.024114438096631587,-0.002882546434084901,-0.003920556036462689,0.014273428395469481,0.027595767109675404,-0.003599744803565261,0.23361036023257203,0.10773381598999322,0.033203309312657504,0.04775625387431668,0.08086430187836356,0.018860244512434603,-0.007365264106225031,0.061183878499600414,0.03932810083909071,0.007779119405637112,0.019208069777470353,0.20599751568132932,-0.00416112487595257,0.012836952050588789,0.017985971013021785,0.00790247695592595,0.12495546412177422,0.004500603987093046,0.1739847637632863,0.004276420571207148,0.030180687056792325,0.12932397282478791,0.0970904932282165,0.22913714204273872,0.001006742347103469,0.004338262481179641,0.17745957650321506,-0.00169362838269879,0.012957474780240969,0.012292027703884484
FO-bacon.jpg,0.01552654766518478,0.22605463046320176,0.027791786628294433,0.015437449462844987,0.25128199583475985,0.020337054128988504,0.031119727584070472,0.012131911750211168,0.030989301354309235,0.07009687546725656,0.1574290457895875,0.1570777964127027,0.0022231885900728557,0.021093748076190192,0.02889849900339804,0.011541780076468094,0.04767957368379592,0.005127566139676857,0.056655387025105156,0.024835864425501456,0.20017922209529918,0.12005317085234661,0.03320749895079794,0.06332194556517172,0.07768951682741981,0.005714332023956258,0.004823341913085499,0.0303011057975117,0.05465381005454958,0.037386245533477705,0.008195323830381879,0.09134953297376003,0.0038950130560978296,0.027769457638950515,0.04354607970471327,-0.008236672340894043,0.05387838047562719,0.04100178331481402,0.1755171483329016,0.01757934641096654,0.0691857473374562,0.10668159741866455,0.038608287543347324,0.21314675751830944,0.02925542446277171,0.03031978730842484,0.10548224917285567,-0.008687697030323162,-0.008281553477602632,0.01006696089387031
FO-brownie.jpg,-0.008678583979736752,0.18582631445820136,0.005928165879315373,0.00015510993621020434,0.21035402373694084,0.021512241027742286,0.010417849728587765,-0.003009483522855368,-0.0049907728693710665,0.009087225382887691,0.19307703784526797,0.15287833113623497,0.02564252050934467,-0.0060592176357864,0.019352149411373924,0.0441977130279681,0.024875887527562323,0.0113281656899818,-0.00553317763623818,-0.003967008126409301,0.22329267973470096,0.14721739855757154,0.002994721563423369,0.015481793105312747,0.09041398894964003,0.02572204326401033,-0.0071765422781952335,0.01263027265665219,0.01943838407346676,-0.005545660665365831,0.0014590856278504072,0.09804598041855977,-0.012379349200265552,0.007654363189428886,-0.0024920306548633724,-0.0016345556844759208,0.05753133018704254,0.0073297725467677,0.1559625563373912,-0.009311046332487806,0.011268204038406312,0.09561146926601481,0.0797268056192312,0.14181712325514995,0.010294045403381342,0.009273477362929945,0.1092423032310113,-0.013738541503588133,-0.004980599882632553,-0.0006080101937472924
FO-burger.jpg,-0.0040468206060155455,0.19611332623587663,0.01729739001390341,0.0201955193745605,0.2202194917788434,0.004125550645424077,0.04004324691687538,0.009522802257952004,-0.002304796229816645,0.02755861774347855,0.20401978642826307,0.1849633278148002,0.00624568876282318,0.009901332184203965,0.024644447559064246,0.0487168769051661,0.04055800820234214,0.015513539694567719,0.003960173970416672,0.009029599264560784,0.23727797963813674,0.16600405040121294,0.005347809913824038,0.052522353367888006,0.07401313675870727,0.027266760218615207,0.01146456733859918,0.047747201120844025,0.02201113269943283,0.01954681107586861,0.0184592160882341,0.18688940335292414,0.0005675558252410016,0.011113847850501075,0.011889530512342601,0.006271336179381835,0.09541917344757701,-0.00579682670917216,0.20738518779515502,0.0034698798261487062,0.029446842693200404,0.0851572115700202,0.08286276740708741,0.14107832691883168,-0.0032900229068099506,0.014487121882113927,0.12309593547384302,0.00918336499326451,0.017426145082738712,-0.00042855864678369713
FO-pastry.jpg,-0.009744507333867409,0.1559971068702171,0.004037637366642011,-0.0040438742893559535,0.20436329614378604,0.004711745910393523,0.018512559643918076,0.0069115455653445245,-0.0011558803627795234,0.030061042823692413,0.218329310123465,0.21236605326651256,-0.0018434726588330297,-0.007754151491977615,0.01571960772082451,0.07457346454299697,0.01587983446198659,-0.005551972982219268,0.01040870916935893,0.02874214922442273,0.23265518189704654,0.17912046107971594,0.0030073777253337665,0.02477557390079632,0.07829651694371349,0.0048189302164512995,0.0034792811525459215,0.02947637869960434,0.035486267644548056,0.003481951515940164,0.015459574657302187,0.1450062690449475,-0.008762058380770267,0.029113968354459046,0.0019381143531703956,-0.010407344744130208,0.10147627137345756,-0.01025245616024797,0.20203817979655334,-0.004951971879550608,0.024677735616530645,0.12135337309647716,0.132604725924246,0.13936774405668695,-0.0024736123377904254,0.017516964026959448,0.10613590473951234,0.011583318779677883,0.022636288270981034,0.005123636942190482
FO-salad.jpg,0.0018861303372638982,0.09359949436203835,-0.004187688249110735,0.011017915843593849,0.2067364621476105,0.030583565536862117,-0.0003146670102297362,0.0007923282906397337,-0.004813177822789438,-0.0015145473731409257,0.0817045010130308,0.1437527500064379,0.0069719062687389755,0.0073520859269515255,0.014779760338206816,0.014443027477486844,-0.0006422982930331366,-0.0031940425868492,-0.013566423805981045,-9.340408368315077e-05,0.16391685918212534,0.028894422715459455,-0.0039310483562529155,0.0014080885422362043,0.04511165462794215,0.012147226399199608,0.0017152074964253568,0.0013044034491298854,0.01095739698661114,-0.0035106004743353948,-0.006393044663193929,0.04607590997072759,-0.0010515868897303415,0.009677218282535318,0.001784868836219949,-0.0018939930789132562,0.007949123863159182,0.0026242934449340278,0.04619757769455658,-0.00390869995758055,0.0012934932810724437,0.04476370879505865,0.011239159461150271,0.1729407333298497,-0.005153801584717154,0.024133258439824033,0.07374383699587359,0.02808256822698748,-0.0037306973153335473,0.00945751893939453
FO-salmon.jpg,-0.015441887630320792,0.17673649059325786,0.016116621165185172,0.015185804081663019,0.22748884888058193,0.02905049527330374,0.039257519997287625,0.004402448542645377,0.018706887726864414,0.030417445008246922,0.17051834515087355,0.15978484850598493,-0.0035898771212513523,0.01620866548228393,0.015562517950080429,0.05254230062087154,0.03781108385587196,0.0007870719858693071,-0.0008191071963919595,0.01372367933944356,0.1939277361506783,0.15483964223832913,0.01720206115428959,0.0311639967939797,0.06114938885584947,0.0516824459717085,-0.010395362583058962,0.009921302694166361,0.030733607432969705,-0.010779223443002316,0.0026460362738715804,0.1261145547834276,0.0020844320048899875,0.01350234385140054,-0.0024906867884044396,-0.0034405267735674065,0.06703686916161604,-0.0003782748502210456,0.16775191657509156,-0.005614267816731152,0.016987020030111565,0.10714206801238203,0.08155288947790376,0.2101838273637576,0.008101741722464766,0.005923970998245091,0.09117563199106907,-2.130285195649745e-05,-0.0004997841218236574,0.006486910425328907
HC-2710.jpg,0.01394981900700502,0.14198819625847545,0.01121636174591807,0.0033765822377577375,0.1402722361379545,0.08291625816861567,0.013964859452041968,0.023887472481646313,0.016562582738642573,0.0183980692878077,0.17268770559771893,0.16967719700699418,0.016162508615941644,0.0405743302671197,0.012155013775050162,0.005498513847645228,0.003244226732024103,0.0031130368727532776,0.00605969423806995,0.0623352826738786,0.19507643172327627,0.10750536719244691,0.007389716446184214,0.0582564365218675,0.08958014836282574,0.05085867032187629,0.0010774014904801846,0.07000663163553522,0.025241452059806345,-0.004292571293119214,0.09145997699834582,0.23047123810144973,0.049421349437440976,0.04388525145691854,0.024692405946841234,-0.0027032363111479814,0.06749139930922089,-0.001793789242318636,0.18364850958556656,-0.0014829167536409928,0.05088600524493257,0.1193986376832063,0.1252072647668345,0.06517286784065651,0.0077054054613526725,0.05186171795305905,0.12166622492717578,0.007637039928258053,0.09315232287598149,0.04018420829326613
HC-2717.jpg,0.02163762505881908,0.11291919069274325,0.003274488785228757,0.03994585707015991,0.19191159339653582,0.057466550135555045,0.028505521391414403,0.025297953762133955,0.01637394400206175,0.04588752189193964,0.1573418989216091,0.12873287746147194,-0.000884053550737982,0.007868785347099167,0.02410018490541372,0.06370391152545292,0.0071860123713599,-0.011242096568845138,0.010798329899223661,0.06554601598261839,0.19856139031984854,0.05922166976740771,0.03681479367778329,0.04800072209244796,0.08427026979828667,0.028318632486057545,0.06506717111829605,0.03778225518850177,0.04204869168544217,0.001458239602243,0.06299625536084716,0.19598113528187483,0.00782301414397677,0.048529176587169404,0.003401639292783723,0.012935346252104478,0.13889159534025453,-0.005990642092533617,0.16587427309012978,0.012172566201927339,0.03135917523438535,0.09221449855735692,0.13186203530692803,0.1049242577196761,0.0003599142090196179,-0.005309649203404713,0.1313856074498093,-0.007116472616632513,0.05880671764366727,0.02124758396315114
HC-People_198_h.jpg,0.0349198103148604,0.22702337162487501,0.014842205494214201,0.04035540402592284,0.22280342725915342,0.07013943666948419,0.0398780008925077,0.060191637855752156,0.01987827550117442,0.08191144881970344,0.25998860944201446,0.19656498150017362,0.01269474739028396,0.04161506982620667,0.06473221810445355,0.08051709543156076,0.08123262117118253,0.010854453065722872,-0.0009048457981728434,0.06530324667115946,0.2762393157022314,0.12529546905169753,0.025459636134341677,0.07451821207261691,0.1141626582593815,0.08689324517840114,0.004439374335759929,0.135749984865592,0.03645056319529343,0.018962463495462486,0.05654979383795005,0.2429844441402286,0.03849052359882844,0.06965372257874612,0.030450203111296696,0.0091216434716552,0.14357065213507686,-0.001809059650748818,0.24188527284587918,0.017062847128733728,0.04482085665496081,0.2220432139072316,0.16940086799937124,0.18207324579286363,0.018060231122127207,0.014814712381356883,0.14437299341346982,0.045438377478905674,0.06174418230350638,0.0369193001928169
HC-People_211_v.jpg,0.061244866634310766,0.2740637048912383,0.03544216986876983,0.06748670400555332,0.23677475434690648,0.08095244729656287,0.06596640628478391,0.046682436250580384,0.07158891202027132,0.09861627216119648,0.2165335466150166,0.184784431157158,0.04675395912389428,0.05771460080311995,0.07217547692457182,0.194256066551393,0.10320391905973252,0.009640012576524878,0.006449165169850736,0.06707682446805925,0.21790131577710398,0.1883645513813162,0.039316901686582424,0.08668863411511481,0.10809263041901533,0.15777165707978047,0.02695542397673388,0.11313894031119921,0.055311342857292,0.03449494639919062,0.030407332588504195,0.30776510107464483,0.044554425455065154,0.10189736676037085,0.08195852059756985,0.01780212543894319,0.1454241586064477,-0.009454753056066847,0.24634736102763033,0.006611468633312519,0.04258676143996878,0.10616898187455011,0.15027445834589975,0.12571648612358993,0.06255013402776873,0.05521560432044938,0.16690300657943324,0.06332364177775489,0.08397113691698337,0.08383093022982485
HC-People_220_h.jpg,0.06450316713163184,0.2843283714947171,0.02362412467657355,0.05720199876681322,0.19351863679905212,0.08306376918439973,0.05394239173702948,0.06791760415150075,0.04999730210576035,0.1039135286933513,0.2364157523805694,0.20895508729286127,0.04068689787386397,0.06865597538753906,0.07386602453212503,0.11508253571448676,0.06768963459574256,0.035540251733217905,0.174168311938202,0.10527608513776311,0.25881902202666074,0.20985266578399095,0.048586111060221954,0.1133242437088694,0.16148510163427618,0.14397742329286387,0.04874124005801587,0.15504499677051714,0.059346816756308915,0.0626369760144673,0.09776608666551777,0.2797605569440952,0.04181555745726353,0.09776097757812235,0.06816117171659254,0.022459831179034304,0.14071205778397136,0.050171788375677207,0.2335610622189132,0.05186578627493982,0.05534072852480544,0.11459475805729943,0.18187678067839352,0.1549366745495094,0.02178447302076451,0.07184228404866881,0.1252867114353964,0.06758109414508823,0.11496338374557596,0.06430671035915113
HC-barley-grain.jpg,0.05997367206159308,0.29222493778932307,0.05142863592417165,0.01189678649721478,0.23266878143535635,0.031074162487922295,0.053809350682632165,0.017964164293923824,0.020056703257247368,0.06866044078986727,0.21435307562725814,0.2211303425678519,0.020420760909189553,0.03423612758664004,0.043589104172848746,0.06430082685444749,0.049503911178499435,0.018327073502457027,0.022995970723698328,0.01727952429367544,0.26990869309792104,0.1578785019851871,0.03073986794970046,0.059775791592097255,0.13261930964841132,0.10506596968983718,0.0006146132422746729,0.13690959792870197,0.059027571733827965,0.009256061607680362,0.03296387357277348,0.21967042392230213,0.04726622768180752,0.06711458309981677,0.029047792262805412,0.009863565913319081,0.10649156012392559,0.024340898459615855,0.21547255655818826,0.045252846983623314,0.03335587672471881,0.09694825754853195,0.1125214148994628,0.15600780464981745,0.017457026491175247,0.03731441520715904,0.09409585875085076,0.01403773036735994,0.051902150315602295,0.05687271202900046
HM-3015.jpg,0.018089352926270136,0.23470492101318616,0.01184152378012246,0.025615482941578272,0.2975408076127361,0.08420832124659063,0.01199045740485712,0.06556150050925819,0.009194933532733991,0.0440322006648679,0.24982505049897627,0.1804921038314659,0.05754932030831995,0.038125247562552804,0.06560432086572403,0.03688541631553264,0.025033880876224008,0.02020591061782949,0.015328844250549334,0.0946739722787832,0.2653096894999136,0.18468811462134468,0.03088057194574877,0.06402626053441864,0.13501082603403247,0.10972270766789641,0.024829435276801773,0.12401380486019882,0.07151039997520539,0.08737274952006492,0.10157078868625237,0.272413842119223,0.004339029491572623,0.08792165413674564,0.05300896530206352,-0.0011648124191740712,0.1491026283807995,-0.0050825941183747616,0.24294465521982275,0.09080107387367721,0.03357026920387801,0.16446478612031276,0.1767321269345363,0.17444841594457147,0.012606562187119882,0.062002109854779455,0.16276163145424202,0.03700699157275626,0.06415309401275111,0.051035134758149955
HM-3063.jpg,0.03493170810637546,0.13943711305480483,0.02004432150439996,0.03493695518295128,0.2062309495638526,0.09145034375591095,0.023460687327103526,0.053947518185816425,0.029289413350045358,0.0837535437313106,0.13548369846643085,0.1779978362686503,0.050740426383853364,0.042981942757798035,0.06248272104361548,0.04794499863501757,0.07653785477871332,0.020067537099131,0.07726473718700881,0.10937017774431312,0.207540868078259,0.18490595260093237,0.015978136278305497,0.09840041213041979,0.10221369475436638,0.12361181689115215,0.013214621001435986,0.17236465600733572,0.05762796957908675,0.06869760792092829,0.0562145985147308,0.25470317968080564,0.013674339136170137,0.1362063045690587,0.08054693714839065,0.010899748873414048,0.14493858635506415,0.013022981715330156,0.2526925649385111,0.04783649241671415,0.041837735880934715,0.10068089405111935,0.16090684942660857,0.0709824928188724,0.0268084910110192,0.1025631821782966,0.13127356468705287,0.009186399132411191,0.05864546158103926,0.07007016300173079
HM-3064.jpg,0.020302271056038202,0.24526676396889754,0.029389212004881392,0.05454684938296109,0.2648248506773553,0.08056441722179933,0.038808834099623324,0.09143430206511478,0.010066125872495097,0.08554933768090009,0.25388652895505287,0.1903903537441345,0.048973219398563084,0.06222959550405637,0.07950663110173224,0.06117794644883245,0.06237659411242653,0.03416573861525117,0.04063751909337798,0.11827890471671583,0.2830807415723791,0.1880302099252048,0.011635862058204906,0.0773361749433968,0.10822942042696625,0.11974157812313553,0.03427057538830085,0.11549326092054879,0.08909307257077345,0.09505652371451803,0.025499013331632656,0.24663245797879443,0.006507940826564989,0.04956842291437982,0.0662979338790772,0.0691046758069664,0.140543657416146,0.011967591849810558,0.2777765779995977,0.09415275788777437,0.02545673934146059,0.17431391431390392,0.14115873327744005,0.2443488902171834,0.030864048941904306,0.06704385693739,0.1996292177573038,0.028597037091939174,0.03516332020545312,0.07823395421884569
HM-3068.jpg,0.06402187469252171,0.22533185245668474,0.04436429712357499,0.07479076834083467,0.20761410038670453,0.06195699004097534,0.046256342767391545,0.05590045927727587,0.045364415990516535,0.09667391898884858,0.17069004153633446,0.20633647151956488,-7.772236637560287e-05,0.0853046869462803,0.04215834391260377,0.10821320229784165,0.05207459309270208,0.0035378798170580743,-0.0044708551015402165,0.08919399229873878,0.22165170953251911,0.1313634478954345,0.05755303932260975,0.06408488431653703,0.12954348230142207,0.10695328961849469,0.016151728106660355,0.060352209698482255,0.03872819888047029,0.015526855800653385,0.030680176614292832,0.09080793479006374,0.07388084245222386,0.05737093970929138,0.06897869123552584,0.05413865413090389,0.09751673594131678,0.012729538729696873,0.16328475619995977,0.014960644474191594,0.012197560708881878,0.06583964505095506,0.08922175838099655,0.11059874872495845,0.03670621582913766,0.02390565020682269,0.06414426359496031,0.008768303113109293,0.03551142957799874,0.055002126662981196
HM-3150.jpg,0.04861059342440211,0.30516386998562756,0.032322593165895835,0.059931475602714605,0.23920043275430186,0.09001547170965947,0.08195541631672747,0.04858202359460069,0.029734726997743103,0.13050110215503732,0.23113996096181763,0.16749038661253157,0.04671772148882025,0.0545464120371774,0.053855880458356126,0.11410565548749273,0.05998365391426267,0.021693343112175866,0.004848269492312216,0.09290442661088273,0.28946773868701475,0.1861048175878511,0.009286841388063145,0.08566085293613286,0.10402678709116005,0.12265843319076361,0.01226101929615197,0.14918450634249183,0.049992109667217614,0.05385418472365482,0.04063629199249794,0.2809585063720614,0.019625456075602666,0.18241850849935043,0.038633040486936374,-0.0045813655290529685,0.19002353069078007,-0.00029161909340747014,0.25844036830072625,0.011966143423377642,0.03787418217835367,0.1508720688522424,0.19214260679621015,0.14588928203737372,0.04546179822277149,0.06335952936726023,0.15431622113355004,0.042020278287443064,0.06504257422391581,0.04254480485801462
HM-Faces_364_v.jpg,0.016054292460671162,0.24684711444404858,0.0796515576841124,0.052145930928022256,0.2538151395344559,0.05774971638403126,0.05585737939856865,0.08251054253938285,0.0220809110429292,0.12500176653610512,0.20851640359481596,0.22660014021069128,0.04899513576813524,0.05629300957520921,0.07093676612390577,0.11126696656537438,0.08693532405167595,0.018656573696658157,0.06983807073324304,0.06017235280265565,0.25003745924495113,0.1999755571279275,0.03946344992199645,0.1244930296500545,0.14262015738364825,0.15122287444086133,-0.013685413258220964,0.19572849239610363,0.06499435780727103,0.09794589218971748,0.05400930214390894,0.2769300793634696,0.009313520759444893,0.08255881407091863,0.049797637045884864,0.03610752853387384,0.12083752846393522,0.021828111817932726,0.25698882693655434,0.09364326208661482,0.05492138818862361,0.14389569302855446,0.1526054858441215,0.1042201902140245,0.03879405087497734,0.02691202502164737,0.146862060045352,0.012185460904057087,0.03800085127079529,0.11749603388950816
HV-2683.jpg,0.0016783153510853323,0.198384785194417,0.04381789383441358,0.021506103645943013,0.2740220605887738,0.10186208061197433,0.07284038345762556,0.1202900301300224,0.030543016221946762,0.011111840678198988,0.2923304206387361,0.17836648370638464,0.021135044477551483,0.02545912767488975,0.08653839124278674,0.03549556600268951,0.01074527263322497,0.009621747110426668,0.0075037804249281,0.10796798105386987,0.28856213510169715,0.10478592224916193,0.010394888600372474,0.05443596731434547,0.1240586654035567,0.02954778792605057,0.09027612564087129,0.10842856470279089,0.11105479026875299,0.026652689157745924,0.09078225250179033,0.16913169375672377,0.056623483013406375,0.0600285517519655,0.016561178044382882,0.011231631755218527,0.11859085963418387,0.019676082479526655,0.24938768408459172,0.060475359110295425,0.06455889877330545,0.2285106640621114,0.12093513719811029,0.20798785872631562,0.02010447788646452,0.04291157538611857,0.16965079512585113,0.057618819324670764,0.027556093298551094,0.0478075972823401
HV-2691.jpg,-0.005503001184576265,0.0813398374717203,-0.006896338399226969,-0.0016685547304339094,0.295337391543281,0.06211306254854156,0.011593515913539687,0.018296043923694823,0.014272916689105032,-0.0010859273001624556,0.0908933840875797,0.10083180817990238,0.009639469779860016,0.014786150828848698,0.02714586247334502,0.027051496475400047,0.00395911380037754,0.027444584292346752,0.024220510498985486,0.022320204780749624,0.15368750365941386,0.00398003451394028,0.0015355029946915852,0.006845388424735092,0.07346544333505825,0.00596042208321839,0.02166303617725556,-0.0035905315766197082,0.016020108972620985,0.0022929395214892775,0.07412998174893685,0.06956394835744246,-0.0008824812544654722,0.005107195115773032,0.0020097149749452687,-0.009052646582770964,0.010039385965845353,-0.008866012129848588,0.05550197478386997,0.031177328926911305,0.011714445321509153,0.09510637037386348,0.00954898536989654,0.15884173412378783,0.011091344474038119,0.009767327420127628,0.08525185101565755,0.03783786233298448,0.026264803672020942,0.02606248245477964
HV-6821.jpg,0.03781203764405016,0.1281536839261529,0.024002459657145363,0.02040767886758899,0.23650246293622082,0.10351941653187768,0.03331539265560243,0.022514301382794224,0.018619967981176794,0.01976901266717993,0.19041915430094397,0.13903626672292999,-0.00366217973134868,0.0405836574100889,0.032366992644088786,0.021601434205847796,0.012987577552155988,-0.00878183686134976,0.035379612784767075,0.07729806925335489,0.2014898180253354,0.07756119769294682,0.012762230744049209,0.025168673345400523,0.08476045510547099,0.05880241909056385,-0.002132605536266217,0.0488524947596854,0.04240862400432987,0.00022825886257248052,0.0285220888743073,0.13909570154877093,0.04529411356492103,0.04632605475508712,0.00875638649536372,0.00889790049129096,0.11814141580359432,0.02255070695514613,0.17541599697715746,-0.004001904933015472,0.02646253633013247,0.09982232128077409,0.09293910843035917,0.13269511657364588,0.009999315277917845,0.018630981203783106,0.16208540181995365,0.06081227692291131,0.03784976660024902,0.04493382648578788
HV-9252.jpg,0.10473347720733332,0.20214578802541933,0.06477893143654115,0.0943674937888173,0.2536125307642002,0.09688378022823824,0.08157106101485198,0.045887957593363456,0.05170506255674683,0.09820044514528217,0.19927033328432686,0.15484696049746724,0.02491361799573822,0.12878881677917053,0.060072322723859296,0.061399623010379156,0.051576149946245646,0.015302594096663198,0.02291018732116861,0.1585232639913571,0.21068481905991993,0.15357148244742813,0.04224970509630831,0.09778042943659958,0.2019277999648937,0.16820994044611834,-0.005014420646020192,0.1213897009114678,0.05560606321618304,0.01453237025750948,0.07712993415205902,0.2428612945187175,0.07297238522639553,0.1423128114801713,0.05888936131146924,0.06583621384904621,0.1403395426512979,0.029124011668417705,0.24365697473063497,0.04003994675270464,0.030888097074599236,0.06918198162325566,0.16719453764608108,0.08175266198394122,0.08098256527449064,0.07099215963461328,0.14111411477535488,0.004245849076584856,0.10727077886865466,0.12040220634366597
HV-9635-light.jpg,5.326478605316336e-05,0.13125894558277554,0.018440949959546545,0.003771939664273225,0.18851505495949877,0.049538778825204834,0.030938581991901814,0.02649876933184208,0.0038843307738027594,0.04362988711290153,0.16795602657084754,0.116790466050269,0.021232236477448888,0.018611160511903767,0.019350271198668664,-0.010569166747038412,0.013092533520861739,-0.002234038971661072,0.022369158648304712,0.06093513006765279,0.2271154756084539,0.12656984064524945,0.016803742667138355,0.03721613832991103,0.09323231570686893,0.07216687199050861,-0.005693993578308049,0.09509702002836916,0.03493869910132446,0.009962471029887981,0.0912907836816096,0.13919325604630367,0.03533809338277708,0.014417991321028256,-0.0005766473810583829,-0.011848811054951171,0.08281692469984595,0.009230609100591083,0.18457373218888568,0.009989612068663431,0.04613097865304394,0.10777699084302847,0.09108857594459883,0.10611792872913568,0.0008110886659632403,0.0201170229946316,0.13116095957800616,0.022934400097278693,0.028655120881703116,0.031754991340753956
HV-People_127_h.jpg,0.026335333584322596,0.11959302924508496,0.0077351119995834345,0.015007791740403115,0.21170046589793812,0.07128204052121648,0.02959977013804491,0.024151341660195516,0.018395022244244462,0.018200482394954354,0.17259021464559882,0.13198665871254572,0.02426822119163212,0.010562870026328282,0.03511270973289303,0.019243357773441404,0.0034166022543051073,-0.0002428172706152611,-0.004775333617959125,0.06532413365045667,0.23311350416528803,0.0423360481794398,-0.011088862017457606,0.042741342023899814,0.09887608861350039,0.013584339944730496,0.03164702078722882,0.08495956464920051,0.029028035456249365,0.004593233939768019,0.05793459412469181,0.12339285753962323,0.03282211359824525,0.012678472165546207,0.010743242995321815,0.0016873351209136756,0.06701448492251823,0.006127202360318398,0.13345800833409216,0.01554484339667021,0.031030313758038122,0.12055997961551572,0.049061296046788105,0.12767261869915758,0.011482451191015432,0.03038715714617023,0.15581863849606645,0.03196117062421489,0.025080565062110954,0.032993366164444204
NC-CSriot.jpg,0.01867012709273478,0.2523256817793925,0.011956320901088545,0.009676111439406178,0.24341830070015608,0.008784445161027405,0.015021269192906842,0.044118746390981706,0.02472713371672097,0.0021268228381023614,0.23025500260256104,0.21052178555671183,0.024253362940628357,0.0025683451314832684,0.032770269469328414,0.03194276877499377,0.01764779971065361,0.0006917563346918332,0.00024644746398795527,-0.00021338982812680313,0.2827388109414859,0.10082463876255682,0.035594838731982686,0.01907517151138296,0.11331867749599969,0.00290563972381284,-0.0008538095187169873,0.05746341708673848,0.05789522471050832,0.005203272272240829,0.032316899214981695,0.07712551784751505,0.01870183577133438,0.0391213938635613,0.0076616040366924,0.004827937428534269,0.07033973506731019,0.004026619017950455,0.1701969727522371,-0.0114973911102666,0.01900891922325913,0.12622714786630732,0.09581748038229901,0.14396425746616548,0.0024403544858013744,0.009763665355346438,0.025008225006053198,0.004653843768023315,0.0440330512760434,0.001171182142478376
NC-Michigan.jpg,0.016602654328615744,0.21502124000604744,0.015779661693797645,0.040974676452645645,0.2705376923479995,0.004216405829462802,-8.458506565065908e-05,0.02802205094511771,-0.0025019285504100514,0.011603548460425927,0.19250706957212063,0.17856619044015987,0.007873753178736644,0.01935108433387147,0.03384723586367385,0.01783833509570939,-0.005255051441779486,-0.0013848101964815285,0.03301657828767257,0.010530757912450471,0.2268252858813583,0.08994403069372023,0.03306066675551654,0.022638295198502658,0.09340967577479325,0.011389789870226229,0.0049794979815124705,0.004673026276397529,0.047417615460407125,0.005871871917889772,0.032104056487542734,0.058243943029512406,0.007022523498860358,0.035401812391794844,-0.006307716265664202,0.03304497284610231,0.030132370600825683,0.012203180952462565,0.20676183909751142,0.029341211619562435,0.020472778995490604,0.15131730795253315,0.08212644391206504,0.18516832099469455,0.0005425530974146678,-0.0013588129072273352,0.04485137409829943,0.03065859144195488,0.02020187882720379,0.009024540683156564
NC-Objects_001_h.jpg,-0.0037908524777180565,0.22275774401891454,0.00537392995381419,0.01000107301486379,0.22593058521240766,0.0112381535459617,0.004868852265172533,0.0018764669107275002,-0.0031351072002844234,-0.0014795149978114536,0.17099150887772807,0.14722002106144955,-0.00033500312016342414,0.018613920313889958,0.02203195663291317,0.004118831071178045,0.005278964800897865,0.01000571104400104,-0.007573301318837201,0.010312909340206181,0.21642684949466068,0.07009865522645888,-0.006278635706480098,0.008582265801006786,0.08483667105150242,0.007527082295452162,0.004091367212041917,0.005112528348471221,0.031199020406811093,0.008339492876996105,0.03148607891943816,0.05494303794013349,-0.0007066177580156188,0.013718369707842452,0.003841163451407557,0.007751428693515669,0.044620038813861625,0.0034089686713018106,0.1811334931614649,0.008651849432267971,0.013908195028622332,0.07729963572222312,0.06666932584647753,0.15243608241164602,0.008688716808348703,0.0023542407281791277,0.0519656571058225,0.001860710215951636,0.01234193994067654,0.011347088123378342
NC-badtraffic.jpg,0.028021823656996677,0.2078053820852079,0.011326865805640768,0.021973230886507295,0.1978691464801585,0.017043938079220895,0.05826299267122633,0.04037058502354966,0.028967131834652295,0.017381289374687223,0.142627459795721,0.15094474844971917,0.011925048082037546,0.07947473519262963,0.03634301719362823,0.016343004673403792,0.028220743492433302,0.021311204713027148,0.0314451343439627,0.02632338117358015,0.19871897213267406,0.06874573585901236,0.04950189726832054,0.04683645725647725,0.10067103013258058,0.04065883262274602,0.004949357222749579,0.04242677286402717,0.06264295529360576,0.043916070802250046,0.0641759675798208,0.05986017564685539,0.01643360413439517,0.0013472551602653176,0.011766247462762256,0.02749137933091363,0.04666653020189453,0.022790617085942492,0.15123244526569857,0.03435752368431153,0.05019960205938757,0.05862142766782603,0.05900577732535461,0.11721325211088733,0.021230833364211547,0.02168528130775858,0.047131765207859215,0.013767383117327255,-0.0016853927241959478,0.04683675029644993
NC-detroit.jpg,-0.002041542172415916,0.19021112852761493,-0.0031406528578831047,0.01931416457977929,0.2498125184423308,0.013495038610376152,0.015341222863372219,0.02626829073059016,0.009826951570128755,0.031175795451479173,0.18453053911182615,0.18682534709145993,0.011505341626970466,0.005995026053359621,0.030684887071947886,0.023788505085421796,0.00767218320068973,-0.0028036582795233096,-0.0067903529900434235,0.03815089927718934,0.25557571340678,0.049677604571795514,0.012975018432439527,0.025085846691717085,0.13043547422775562,0.02085920674430506,0.009051602532108328,0.030730003879663716,0.06160179889205523,-0.003291057286526633,0.009224535007082651,0.05835465439826385,0.004701924930457375,0.02696882607210114,0.0016764072453781967,0.006523021115340783,0.017333058316388397,-0.010671044544559685,0.12372870420654755,-0.0031415403173059094,0.013125892598957294,0.08032876464836691,0.04680724145501728,0.17319996191495968,0.009548188367390754,0.0005176144732860065,0.038401328722794004,0.014380286386336363,0.00861301989429777,0.02162517989814789
NC-landfill.jpg,0.049908032848628256,0.21021750404696254,0.012878124561574316,-0.00019194342756797365,0.23062492549759686,0.012956765501247103,0.012366290867559878,0.009562409513160453,0.010599911411938116,0.0003389881430260496,0.17020701720915868,0.11477241787904144,-0.006248788202904704,0.003197320821325905,0.020049860226284424,-0.007321964851948659,-0.003669011834212135,-0.0025912685860471824,0.011940523119174389,0.0182885111569008,0.2019073516754714,0.07452323658107342,0.009353862625832628,0.017928254667469806,0.10916701330182976,0.02442389033294819,-0.0050038219461198425,0.00033236850890676486,0.04965639991173385,-0.002449981396361153,0.01048609795838434,0.0942742025365386,0.03656387771036395,0.00032181808899723013,-0.010316750576033143,0.002192292361337698,0.04893471412677734,-0.005528833810361705,0.22729183136628,0.001749641944414571,-0.0030122425761884316,0.1032329867395895,0.0975054241614197,0.16081688300168925,-0.0038167528857975313,0.015777219124887585,0.06922274855561993,0.008625249017621206,0.0058531443593308075,0.009293265238490053
NC-smog.jpg,-0.0010808983398151886,0.12664146002636056,-0.0007694949737666515,-0.006058740356197993,0.1777934226739723,0.01568597144716971,0.037095399240213385,0.010555302747478476,0.011068623644839055,0.002926969297411301,0.19638729838817512,0.13791995211106245,0.0244930350090561,0.0029276107199245633,0.015169460015751438,-0.005203052253467059,0.0004136307344029155,0.007695567291151433,0.007847431147211686,0.07023778240493525,0.2209992203641512,0.09846564086319232,-0.0014039957203098284,0.01681878896054338,0.11045096776096716,0.019318529353158698,-0.008625195520154812,0.04984505833593355,0.05377662440052921,-0.00820994318528045,0.01960055500496075,0.03432694217663272,0.0018980353010468617,0.03417949471740941,-0.009900810848893712,-0.004900123162974378,0.02915155265683283,-0.005230563245462273,0.1365702895069369,0.01566127656116349,0.013319829829135491,0.07957421657039337,0.09717360819543576,0.16327646693405898,0.001936306369190986,0.052905035896841604,0.03952525965826135,-0.0055593601074074486,-0.0005774202478998033,-0.0024064196596466953
NI-2205.jpg,0.009026958567100786,0.19322330242793317,0.024578657957442216,0.01811448724883407,0.23898381822416362,0.06927666040965995,0.0233428250088894,0.05525952944434454,0.009622421933671617,0.025243910908915857,0.2058080241310751,0.18687156897569612,0.017038626202801818,0.03606076125363238,0.04292651715928899,0.027516738194735515,0.018699642582405106,-0.0008826591502907506,0.08118763054911494,0.0907264359293315,0.2760073420658856,0.11508704317224301,0.030490288719592196,0.05495574754449978,0.1251287175207737,0.06951623248110435,0.02075002609562045,0.11846966666936304,0.050729689027999375,0.004242855173809377,0.10621638765024642,0.21428340457856077,0.05176998338522235,0.04027112860208216,0.031594587270486515,0.002320742590029922,0.10808999176873366,0.036652435426242205,0.21925177604278073,0.019006220749850235,0.04397977998521322,0.13550322280594634,0.10044292145317259,0.1272464125243302,0.0073199003217679064,0.052519637485411934,0.17525075313937102,0.01639901017221339,0.06239559816359823,0.05726921797388613
NI-Faces_034_h.jpg,0.04363790997754589,0.16159421332287963,0.0273170888079359,0.04433633897134786,0.20868996888527244,0.044430115212974575,0.0412608317046394,0.026903761973903737,0.019000050408669263,0.035197363640749234,0.15930245467115983,0.15281414844595045,0.021840874991465364,0.060733630979606545,0.03145264628610829,0.051610147486860734,0.060998049487790106,-0.00424977569455807,0.023119369700031468,0.04598181735029036,0.1901404716362592,0.06583327312694856,-0.0004718241739103874,0.04531141056765629,0.06320958364246751,0.06675600050301395,0.0038967381944154315,0.0507816727154173,0.03377444103480853,0.004996091011007169,0.02375138389549206,0.17998506771511552,0.051005152254623744,0.05410798255453052,0.02313882753838229,0.0413097518127741,0.08084595909177399,0.016096375280568197,0.17202826301015153,0.007626434790637523,0.004856906036955879,0.1096260823655338,0.0662910188355231,0.0841964011998467,0.02050200688213645,0.03344099244644708,0.1175216934339881,-0.0020100492955248015,0.011316199324867545,0.0487114917734608
NI-Faces_036_h.jpg,0.002491238083280856,0.09985823962448241,0.00658708479882777,0.017395912474485985,0.1938507977935672,0.07120399418875793,0.008162321523813208,0.05419784733939147,0.00299303142229068,0.028780807638887455,0.14551996591216043,0.1864359439450446,0.05707609057958492,0.037537306982440455,0.032813227151576425,0.006873231932721027,0.015826534938802296,0.007026260514320635,-0.00506681380263777,0.0958676828049237,0.22521072370444076,0.10950442117006466,0.0139488267398299,0.05588761175717267,0.09723165353192047,0.04175948865375004,0.009722106220583462,0.10727923406013766,0.08244670198527605,0.004996666802775134,0.11161006154149794,0.1804088463903751,0.009283137962534022,0.03996465856872361,0.01599756999958386,0.01049522307917652,0.08387808847085554,0.011348495910397017,0.1614817253117182,0.00905652399864708,0.028652700907440078,0.10216940006465501,0.08684626614137497,0.09271652721462571,0.00893521127021179,0.0510325319141827,0.14983874322150142,-0.005968597967192504,0.015706007424109193,0.042105108665543005
NI-Faces_172_h.jpg,0.016570088490996792,0.14889005272585065,0.009077089695862428,0.013678012460825884,0.24955131692247998,0.06481506813513119,0.024029767448140633,0.007264721807457655,-0.0009201380508903201,0.015440898443830703,0.15668338154182285,0.1788611286905994,0.0036820620543696926,0.03944236775023108,0.03680204380407586,0.07200554738984101,0.023113591568412313,-0.009228308062561943,-0.001541853554007608,0.04445279258831767,0.19336615075501895,0.11174504360854094,-0.0033909435906839497,0.025494683241161154,0.10355342538319476,0.058274329794491375,0.009602798293297066,0.047193826869904684,0.025842988961783143,-0.005181401759612919,0.021430164288965495,0.21299844055384673,0.016351703518424035,0.04961001422967878,0.030296260070145416,-0.010446515438089448,0.07053505473451384,0.0006731443566754466,0.17669914173284887,-0.0014279899656616827,0.004614302544250435,0.1242267727948072,0.12675475650009604,0.12605291830351478,0.011735528986215582,-0.005234310568063867,0.14263431183845673,0.028144003505807744,0.02048713186445126,0.05243314751387197
NI-People_001_h.jpg,-0.0029637216393934122,0.23857966621615156,0.025444580341511917,0.029740672891660914,0.2476587883133703,0.03282314711909948,0.03692295169734271,0.032104226397836486,0.016145368342324252,0.00886736829583671,0.16784299283507087,0.22686103380245287,0.010895661034329759,0.04878160146157206,0.02534822387195004,0.01731267931474802,0.024413962601204743,0.0007614033734805728,0.0020696623491640157,0.04282439859438381,0.2317540032157997,0.08351316272041333,0.030006798359724782,0.03862812874407281,0.10393966481033239,0.08201580212025465,0.001341913064022887,0.03474544830305316,0.06983684142514,-0.0025626396739921024,0.02626232168246675,0.21039985494979732,0.04307517175746751,0.05152546487589473,0.02875365832284749,0.03284304725161246,0.03740024091028147,0.004932024241022473,0.16161705697568,-0.007919448047755554,0.01576418079151441,0.13512276842432736,0.07711094913235671,0.14145254886637398,0.006672487699711796,0.03240475649195893,0.1448235960420678,-0.0032198818731165348,0.036175772782780814,0.06107307065056922
NI-People_118_h.jpg,-0.010395998569310306,0.1416686122392784,-0.0020698995191514723,0.011957836835215776,0.2534727603921208,0.031130807821017983,0.01670400715115646,0.024706590560935684,-0.00489465214712858,0.028390121484280967,0.1554269555202588,0.14724893995567195,-0.004733091261584474,0.018852018383050558,0.024300952722389576,0.027986516285672305,-0.0001575615637506409,-0.0030789703620374732,0.016680935800900257,0.08016719500602897,0.2534820957088912,0.08659770089221866,0.024671070982888996,0.03561816799474067,0.1162018395331381,0.03594786377818359,0.01575800794062803,0.05803173771688318,0.04831998033897624,-0.0013482576361406478,0.05626923170819999,0.09700159808804223,-0.009929739938601167,0.04619132760745802,-0.013479946920253661,-0.0014405151666918577,0.09328052065258734,-0.00030272731621970063,0.19169449698790555,0.014457873751533672,0.02077242143883806,0.125606358559581,0.0725289732038916,0.1160518115588318,0.006188255413355335,0.0080007595353382,0.15741143120543905,0.016189719953141345,0.04595713322398136,0.020076642048608012
NM-9800.jpg,0.028548039751585003,0.17973997509100706,0.05365620713964744,0.0068565925294251165,0.14816119161624386,0.007557292265730524,0.03254093861245995,0.02007993471063423,0.020212583065666107,0.01693675415821435,0.15352201993939515,0.19702728895636273,0.01952191505395074,0.020177656038773147,0.026563550827442526,0.030776979790857053,0.027450414047785397,0.027561863757051414,0.00532369612524939,0.038990022988728175,0.20570844882145065,0.1475837638569203,0.007527476663376241,0.06077346224053738,0.05107894788951471,0.08431768361796936,0.021767729753616818,0.06761856140347822,0.03875883127021966,0.013702870862936043,0.04982311495912402,0.18784219471406807,0.0562421068382156,0.049266468512986356,0.019053986526557133,0.01135463322928996,0.0614962639199867,0.0323840289862021,0.1935586608494221,0.015104885862833168,0.0093414976438992,0.09805669634487985,0.0789016362734819,0.08012898090764417,0.014516263073853215,0.06939926245770058,0.12772132178472778,0.015514427817822649,0.039651399958166675,0.03799552578315101
NM-9810.jpg,0.024182312486175587,0.18919345226576065,0.023431078765078387,0.02686672913263963,0.24297915401116724,0.04002974637895651,0.0037837932657691395,0.03954506004565282,0.014384774830975508,0.008417468836564536,0.2062293741255842,0.15512047183968986,0.0075035524557826565,0.04969258427883983,0.031448560076748025,0.008951559000203758,0.01949434313667282,0.007445339919398653,-0.004252923753183266,0.0366233583153983,0.21761222754807824,0.11912695186750898,0.011943733532202535,0.05038751478114268,0.08100305682781243,0.03270147550413094,0.021770265286545302,0.0405291699136953,0.038779766196654644,0.005132910981906884,0.08919223682994576,0.16853848078095882,0.024395021905621317,0.05101163517591259,0.029961848824082538,-0.002892452456817222,0.08910694080182807,0.03617941180773978,0.18559043375331102,0.0045365254191511925,0.045798690455520145,0.12623189710614502,0.0719546043857142,0.15782962044615031,0.04016879731947571,0.03958935081478652,0.11122614327830299,-0.0035527520310372758,0.021754022303898668,0.0399150342944822
NM-H079.jpg,0.018565233813743334,0.18481249691811902,0.029846341146042316,0.0372772457354941,0.17496032368538092,0.06536622168947144,0.01011865240610592,0.025153892619726125,0.0016533549732762399,0.0010728191432545372,0.16780795646688532,0.1465604527631542,-0.004587586726469399,0.001860465035384441,0.02507794421397611,0.01026520705059603,-0.005646229119246502,-0.006497759385113475,0.010379963331222652,0.03310235445282226,0.18045981999398952,0.08723376350706843,-0.0044729324918649765,0.027500810750755323,0.07722866985841012,0.0512227076543436,-0.008555071827184983,0.05619856673738618,0.028328653010225392,0.0007892024535638181,0.02312833836701418,0.1964609183451696,0.026378854213307185,0.014425790293961169,0.021608058042345005,0.027403683007154723,0.05335304915947534,0.010084934375384335,0.15763927339937378,-0.012900933702327222,0.016606726606862,0.09100371066320158,0.06346864148904584,0.0798150284596473,0.014580967486166548,0.030745869511087803,0.1809309956564948,-0.004435607984578178,0.011456732653593914,0.02761337866593648
NM-flagburning01.jpg,0.01781598124527111,0.13785560524983204,0.028885075714650252,0.04220774171016009,0.24613118942089846,0.07035194945656494,0.009820785781439615,0.06450849655713725,0.008372725939076873,0.003834964843151114,0.20414042367679539,0.13060002735604556,-0.004061437988299219,0.06720301044441052,0.05158121602316073,0.011894799166659248,0.022192319498683916,0.01266197743207684,0.0008438997575426351,0.08917619533152461,0.2179123637869335,0.11335242993611652,0.0510010083678566,0.06413264211105815,0.12562515875241817,0.052193432934753856,0.0066330882177048816,0.0708390708825687,0.04646133574516821,0.008199278998181294,0.08240017103065293,0.1555159165288696,0.05586614009951071,0.07022616133865633,0.033406777405506335,0.0483557087613184,0.11748470482397025,0.017525735023911162,0.19524927357660699,0.00022127849733869723,0.04814290126812257,0.12780361651460279,0.11548631588879307,0.1473923442615019,0.012562372532864399,0.0363263600008963,0.12058401448271969,0.0005992184400225849,0.04151548849791415,0.06603588854314539
NM-flagburning02.jpg,0.0017068109625422371,0.1978728555071437,0.009544872212955052,0.023401769611573444,0.29396780099169323,0.061009806523636474,0.009004469541399053,0.03577374988180765,-0.002701401668422859,0.0509967193148438,0.19171488785048413,0.18989866391971766,0.018101619298293594,0.03415983573013367,0.045220919168185894,0.03893993565177694,0.03705306689730466,0.012142761358982028,0.01778281602204336,0.07686875611170182,0.25761589116780303,0.12461884451025267,0.004530001079246896,0.03465518162570831,0.09753620906316726,0.04282811990739806,-0.0052610912619459535,0.06773732538749266,0.0731421871081447,-0.0020783972198508364,0.07452280144742916,0.19188738952930215,0.00807033347463471,0.10535737633761906,0.007001399358524402,0.0013214798612717234,0.1163270205043904,-0.002772619938809595,0.20385991839035128,0.0240147020552228,0.030224951264511,0.12346984904081602,0.11694651125609043,0.17394161779366094,0.0157995800483914,0.03557123688421823,0.09706593487603848,0.0008730420518165417,0.024875029588363667,0.049520717104977456
NM-nsm.jpg,0.036993098792654805,0.19539515890292017,0.03193282201556247,0.07476779911066735,0.3179412154999898,0.06458952245228013,0.031909206848164826,0.0791946643433794,0.02245187639873839,0.03820913515074111,0.23177169732564112,0.18124886671544513,0.005817747619309895,0.07146370915400477,0.06373390411572902,0.08283001460636538,0.04609677527123796,0.00023719957312121298,0.031085211673291088,0.05258260469906428,0.2743869665340782,0.16268183527942767,0.020136250779546727,0.06290250200911084,0.11547974073777435,0.08888320937298753,0.009347355147570471,0.06980764224138428,0.07270580642874264,-0.003507698158411254,0.03863382722571685,0.18147062640039302,0.07496897040156915,0.0758270094014829,0.02768921857685372,0.0468995122383061,0.1348383359716847,0.04247339460957194,0.23421218183182688,0.009465601251203864,0.03842386808441961,0.1249404107462422,0.09525285724458933,0.15151923252098864,0.04779940011514263,0.09122374296488202,0.11727635523906152,0.019895312439153115,0.04897405874753016,0.057939177641273765
NN-colorado.jpg,0.015813918115327594,0.1051462242412017,-0.00554206456855137,0.00265920864358427,0.19026761283263036,-0.00747166181167347,0.003233863228967058,-0.0036183239807925137,0.004926310723534724,0.014412778068278679,0.12473741582669223,0.08563603956268795,0.002524948201701945,-0.0029314406909868485,0.010730987098861252,0.0009002585860431207,0.010030361875719677,-0.004406024697801585,-0.010873838658615256,0.037897927376294674,0.17239093279544282,0.06363446633078775,-0.003053365337845155,0.009372523645337414,0.07024554288366196,0.006561925407678009,-0.011838118661412269,0.03851843836631161,0.019452714784741306,-0.015107160116954487,-0.008168194289159415,0.004235423737575533,-0.0023673102075107495,0.007599741651803825,-0.006023904499480558,-0.004922972523461383,0.013903184045615026,0.006689713825604105,0.08338285996677022,-0.01647776100545025,-0.001249110819482804,0.06611660073026834,0.03717787424470538,0.15726966126448638,0.001098322685598016,0.02505373338524627,0.03995262613293614,-0.0033653317963933493,-0.000553612382762725,0.005536009160427993
NN-contaminated_mud.jpg,0.0010236872073319896,0.22838004717164492,0.023844167792949598,-0.0036374613175859005,0.243121392287567,0.01902767460825085,0.01965219161795402,0.02335049487123488,-0.0024894011111327675,0.006810991262336926,0.2523037905706969,0.19369463794222297,0.0013354672680771001,0.027062667903170055,0.04225399381675723,0.0005377887743887735,0.007594433897588743,0.0020530085883658836,0.018770433325402902,0.0522342142303437,0.2856494698253901,0.04616531853383381,-0.0014460697988542318,0.03602305768840059,0.07973237774631815,0.03254294086543577,-0.011405213534536544,0.04395747903676119,0.047390694921704626,-0.0014824634178489762,0.02963654887316009,0.06155118995531866,0.024900572600914207,0.01606597621441799,0.004241598366990866,0.001649165280457801,0.04001668529214554,0.00917467566245044,0.19416568326582,0.03295199739373479,0.018745418286188673,0.1549129972682185,0.08846662375691504,0.2319765412175493,0.0059888379316023884,-0.005029588524818691,0.07114951280468937,0.02321367284278339,0.002594170385388626,0.01918131571928203
NN-dead_trees.jpg,-0.00836839682817668,0.15934857994604867,-0.009004476982727667,-0.012101112795211855,0.15981639468179257,-0.0013193652086751348,0.02692464976429679,-0.0031102404706487095,0.0002321563260439414,0.010016106876292646,0.11859348631640092,0.10140056860181783,-0.0038479038884749973,-0.001984346372230027,0.010715596976115868,0.004512544768636128,0.010327373021317244,-0.01127752172964914,0.01268648290799641,0.00915560711184631,0.1829990542481862,0.021895289096132236,-0.007226514139787676,0.009616650559284843,0.08730245172391281,0.004237732643410584,0.025201616363552257,0.02145143430791233,0.0279628220306955,-0.0006644654255885782,-0.010913148498348511,0.044524746316549096,0.0011901602651192516,0.0036879802934692988,-0.01029306627385733,0.006833224853320662,0.02452499348535225,0.002380386287165809,0.0767381399103631,-0.0013285460212394714,0.009567447743675668,0.04935740742329194,0.023602028452417934,0.14464150751506435,0.017720560935778187,-0.0005456628065260682,0.026255289124094826,0.020813916038033488,0.013006438082373612,-0.007184254313820153
NN-devastation.jpg,0.0246965682968472,0.1983669477473571,0.0023709198894077896,0.026998971821292732,0.27716838379184505,0.0001262867542916598,0.010136527203354558,0.008492582677340715,0.014122936104162329,-0.0010897176864298167,0.18148831932652906,0.13794589560869688,0.01018539090631719,0.03973787950612748,0.018480325212512805,0.03222548426253139,0.014130144081286017,0.02222015984372062,0.005821632938383854,-0.005196067669557587,0.239199383960437,0.04277754764066762,0.028610465868884036,0.024888565463181384,0.06154280008344665,0.009371183839386463,0.022800620188574736,-0.0028920777024176035,0.03750808281726795,-0.006842672227887805,0.0019764524285432765,0.04982794760562702,0.006030965812707632,-0.008992502589032952,0.005817364026809364,0.02511439831080758,0.030000114457205754,0.025916202442686935,0.1153775563635459,0.002125929998930674,0.017383304956174298,0.06671215964686986,0.020941741217207443,0.26258506721262675,0.016684010791827734,0.012821048554422948,0.04114454682445975,0.003519943013848301,0.0010932023484802227,0.0006500896003840289
NN-downedtrees.jpg,0.009849446396466422,0.22073565263164951,0.0023823107483765763,0.0012863160749528283,0.2400339401620486,0.016124597668220216,-0.0025295959180679064,0.020727978738608346,-0.006735933012592519,-0.017125225168617968,0.14582289219460487,0.16722660420091887,0.0006193722135879993,0.011036614541684689,0.01696623427960606,-0.01078145055406426,-0.006939175653897492,-0.0025151123337232508,-0.011288065839280052,-0.0006992470082137466,0.23984897900495758,0.029122003961139262,-0.012601913917497886,0.002498370338849004,0.06488926207914511,0.012968413086103034,-0.0035927926524392632,0.0070093263660838834,0.026180626927576493,-0.006262815122617102,1.608655916509008e-05,0.03375145352623413,0.005183761944169731,0.007224006544804975,-0.009313889229716026,-0.0022878091808003938,0.009218443004538442,-0.007186387990909567,0.1352909702404406,0.02676004661518807,-0.00032124464606632467,0.07560502619527718,0.04507590049415121,0.2508802207968209,0.014217329046887306,-0.0026740973582012255,0.03076654683586448,-0.0003774938861346957,0.00043365539158311724,0.0017157905896394536
NN-fire.jpg,0.002175596553937083,0.15969298028005163,-0.002397116084221547,0.002504127925467704,0.2517968415659485,-0.001803163683144677,0.003876380949109056,-0.003158184794884166,-0.007920958384053165,-0.0011434970762510288,0.16831889820209725,0.10358431651004056,-0.014330000060332984,-0.006578636657076592,0.03162548974027312,-0.00502067292407058,0.016530874740183252,-0.0010330455712702423,0.012203031631458234,-0.002106318056243287,0.24814385606432998,0.0195812815422881,0.0009156018659893176,0.009779326046476858,0.058478296212498684,0.0021438446605445347,-0.0027459514382591277,0.028075881828862077,0.04175787552936705,-0.0065030045810643864,0.028392837723017764,0.028766540073636295,0.0014123035250403454,-0.01636976875943269,-0.00980918391747397,-0.001930269342755604,0.025657383581061947,0.009219300881835583,0.10375441858614076,-0.002316911266672563,0.005835585584269093,0.05537701377481121,0.007651002161409773,0.30057108550275663,0.004204614793187884,-0.003042153966249136,0.010219480837724499,-0.006363466356355053,-0.00705077510065122,0.004912244664329603
NN-fish.jpg,0.08523077521263941,0.17649031820457167,0.040237554290461504,0.016403535192246577,0.206111781990683,0.05950715494878499,0.06606512886563781,0.025422649133612557,0.021413266193991372,0.022802202283838544,0.15631725015406459,0.16903381332215317,-0.0025283348547425295,0.04980250841933318,0.03977057223140138,0.03958663243059341,0.014185119899045398,-0.007107705869235172,0.004054273401859528,0.08829253129209476,0.19151191361946415,0.0799454812398407,0.012297116724105942,0.03877508675105175,0.07289194296407175,0.0644024393613927,0.016069812865213595,0.05070908806404351,0.03273270584400786,0.044479585792651766,0.03669254516758757,0.13503842592537546,0.056410752660970634,0.06594104639458945,0.04110878180594242,0.04874065711613183,0.055163919098125444,0.004336765710037983,0.18768180693766473,0.012806792223896453,0.01547469991643092,0.0723565816001667,0.11830892035730352,0.09674525680369189,0.015977110126100053,0.014685300188558797,0.12216790219037449,-0.007961351182366913,0.0036336954106206175,0.04474397248758353
NN-oilspill.jpg,0.032768347611182455,0.24292949032596636,0.0211038105942545,0.04007763295965426,0.31212027249418167,0.01701513410516697,0.033648522511640765,0.014106797985688632,0.006846387077925118,0.0268200453080288,0.234024672125622,0.2035384258703546,0.0008682642118627564,0.014085814145390493,0.027263726882357276,0.021971505880444202,0.017774635591663174,-0.003721461562622336,0.014306966223937734,0.04257723801505144,0.2957006244599724,0.08326707986331451,0.038546330537176446,0.04428534419181861,0.12912817411835364,0.04935672522081953,0.01564366149524836,0.04738586595129425,0.020035587446280922,-0.00394811916748403,0.043677841179193766,0.12117313009074075,0.01972324940475754,0.035272013074079185,0.016400057761189142,0.021275173575634954,0.08335971467562638,-0.003930583008839328,0.2357309849642069,0.0022417438946292175,0.018558473887447385,0.14388545221823845,0.066591475251607,0.258806211194636,0.007252882509205979,-0.00682982882981436,0.09422428005664789,0.06005541139800506,0.018365002402723034,0.016231083898787652
PC-China.jpg,0.02611863731134134,0.17482113249781847,-0.0032075093865065697,-0.0052785268167886545,0.21786423827175788,0.02118049907580806,0.002580502512314879,0.005036326867130053,0.024152671517572475,-0.005627109497190283,0.1871196566134544,0.18121469553534159,0.04335831176525915,0.008903640675726755,0.03684902063232786,0.010545309035360583,0.015082134373058635,0.010575701373827904,0.011023792078633785,0.019981610383726506,0.258445158502521,0.0683212806391546,0.06416503115802341,0.016554531941068405,0.07133084423414476,0.008972224343342411,-0.002016672686621149,0.011697574229724617,0.024897422856715427,0.01487377091655963,0.041578096049032585,0.07170183881038877,0.005094851714634994,0.012960048258399305,0.0076435621197353705,0.008581883380114109,0.0508844555445359,-0.004357333411949773,0.15858946561707193,0.0062447996683463285,0.008818759077666294,0.08945107050994416,0.028502693686953476,0.21114423606988222,0.009336277993887154,0.003997641863401543,0.08794768464507306,0.005489734148060979,0.03126881928668267,-0.0016394731599983104
PC-Corcovado.jpg,0.008313898406928526,0.2250735771029696,0.013248477003160413,0.028995072959357424,0.24377659665444779,0.015644465586382425,0.0606872771975277,0.053572368468538724,0.009792828874056273,0.03395584501068964,0.22492306005446205,0.1360378991383952,0.013152857360191061,0.0354454889662501,0.04451528796118289,0.03085642568732799,0.009192760182641153,0.007133772688946251,0.0072686305812430995,0.04947209306436079,0.24541215997615345,0.04962853042715542,0.023467245307099205,0.0726259884284523,0.13221024729643804,0.034812935812275785,-0.012375596674646733,0.04275755054352434,0.07346763049063577,0.01805281480006344,0.011286437744611456,0.06699634080156075,0.03510012388767468,0.029868000986711826,0.011618598701309586,0.012598670928065759,0.05567723774760269,0.00851127111473681,0.2190176005648854,-0.004017910517833885,0.036904098261775264,0.15360476673832962,0.07210973879926612,0.15087934459452468,0.008955592577845485,0.0232824060148245,0.10085407154935035,-0.005538261626968917,0.010356467682121794,0.02627785083186359
PC-Greece.jpg,0.004508307329377829,0.21743987695271377,-0.005182034918010313,0.010554002347512567,0.278100727422207,0.026995080496401744,-0.0006109585330855576,0.0265622627284129,0.011444618936199646,0.004911965397605405,0.19469590883504143,0.17131981213270434,0.008770456213451235,0.01697922236193803,0.03796386753904783,0.027856179290949537,0.006493601443951236,-0.0010743135287322838,-0.0017403731537282017,0.016649659495483436,0.21908120354043373,0.040775236884470455,0.0034537597181477273,0.01839119546843385,0.06870640843494134,0.016366537411335567,0.004662135766450212,-0.004102002543466074,0.05660520263990912,0.004546387433715776,0.006368889235955631,0.05754326273500129,0.0049979682497738155,-0.004919895412757954,-7.053776627640616e-05,-0.01119510927728927,0.03389754909581996,-0.001281235019919662,0.1764237975784238,0.01157539821977496,-0.00200541419773477,0.1285106768985627,0.060945723409454595,0.126327659305029,0.009589388852656314,0.0023399525293671297,0.09076949008321404,0.007251277083943001,0.015199133095951532,0.019032858173546413
PC-NYC.jpg,-0.009218312876318573,0.12217880984845304,-0.005932614074854355,0.016049846796800975,0.2179612197432042,0.010127866230533984,0.0027518343067605305,0.00892075577095807,0.009395833011840422,-0.0009846483912900191,0.17362558831285996,0.13876235233860432,-0.004808913298037885,0.007877431386109386,0.019426406854889493,0.004374697180368245,-0.0015424556891474575,-0.006450052673467226,-0.009106619405842488,0.005695261690623897,0.18604699497482016,0.01591559654262818,-0.006212833607719483,-0.0035352556028945036,0.05731027816340946,0.0009871104976078714,-0.006790210584811522,-0.009389371504379442,0.03524849914720702,-0.003821839134209965,0.025192880508007078,0.02008329132680102,-0.007758449401469398,-0.007133070002005024,-0.002798026853988959,-0.0034195415226355866,0.028405873182905376,-0.006004814038472376,0.11396955608231266,-0.012494485310774002,0.0039398923065697795,0.11356428738060714,0.021000126277615435,0.21479824384379811,0.0014339156497691352,0.0047850343416924,0.054942381015064164,-0.007334108782682174,0.019749769679211264,-0.005475580768915407
PC-Paris.jpg,0.020478180680496602,0.16825373282496375,-0.0025374017819382606,0.023557787203093743,0.17562258622360097,-0.004016984359236111,0.03283983868807846,-6.949732008171606e-05,-0.005541280131896282,0.05333363002417129,0.22413286702664054,0.14373302902255994,0.01182500264699486,0.01482571142343395,0.017953256925557194,0.01622812516115245,0.01351799517918961,-0.003500767112920927,0.00667357877899378,0.01302405155122244,0.2324968308869975,0.040317182804813216,0.012125822935282827,0.003237085126474361,0.07282277010309736,0.0011261348160516872,-0.010846272216912789,0.017596067281946494,0.04005941247720445,0.011639354793251778,0.007083839682482901,0.061905764580495154,0.00034648495778843535,0.015438646523826205,0.001017086134049978,0.0068314691201435615,0.027194870621753468,0.02175526490972437,0.11772719501982157,-0.0027456089186707203,0.015170557365089233,0.10440882631198094,0.052467385408903375,0.10932964445274043,-0.010366057949763354,0.023415080249382488,0.01713945686543228,-0.0034015309940813605,-0.0027708383757200426,0.0077564043576474105
PC-StLouis.jpg,0.012632576719475219,0.23249053226465954,-0.0008923614084876037,-0.006160242239514264,0.20967467548544777,0.002889626248847885,0.03740566067786833,0.009773383989398478,0.010741890768216869,0.018942712717844576,0.1899209604112136,0.1290265370197835,0.0071946425245883235,-0.006961727732385791,0.024343117413097318,0.015029717763018306,0.019155265451375435,0.007887577385606028,0.017666361337242795,0.020757053445970168,0.20018020812094844,0.05955577152751817,0.03601424983875867,0.02146227099301078,0.09835882364963028,-0.00020902675953294092,-0.004751565909909685,0.04514682828626421,0.05621586408428623,0.0005157475563365101,0.03208997145826697,0.04716186999580059,0.030711744067963828,0.03431492808642026,0.011875461021505454,0.00023346383404863606,0.07864527069841792,-0.0018326098675465257,0.13127388276086305,-0.012320799017659702,0.03833243376547419,0.0693750243025472,0.0776558387222453,0.12802541370401194,-0.0024083639863883657,0.036295024136191255,0.06192933496984333,0.005545958062770804,0.011871767046074264,0.009115270422205186
PI-2550.jpg,-0.001352633953857089,0.11396011195782221,0.0043106157275714,0.000983393720110031,0.2598920711073938,0.01446252353050946,0.006231579498270801,0.042139565435418254,0.0019317924112119225,0.0054491944895280284,0.15810185955282685,0.19927195644831164,0.02818943746146441,0.013368165219801727,0.03575465215317466,-0.006340705165382147,-0.002280073753377079,-0.007799059235775191,-0.0011996722082078125,0.025324028782100168,0.2511301943720883,0.08383298644879085,-0.0021606163138270457,0.015553858794855562,0.07165040883263407,0.02431744025863446,0.013798937904010404,0.0410329055352297,0.044209926813715876,-0.008502311033257364,0.028757450038347687,0.15898062974917163,0.008612086136604535,0.007616904411804422,0.01302939714877751,-0.006102713652271331,0.025440510681091877,-0.007517372878203078,0.14638840259648322,-0.0007320380576936993,0.011226797044035203,0.14698536315269733,0.039080736075945165,0.15187090116230323,-0.008771084984106909,0.028198842143603846,0.09735702682017171,0.009370324179053709,-0.008416286593682858,0.026816727805587047
PI-4645.jpg,-0.0005330329331626054,0.10942452726687439,0.0060163711082889555,-0.009187916483414799,0.15339621493384803,0.09081609636625819,0.012822284199020222,0.037911953036094764,0.0013966860566667076,0.040663252080887,0.16682786026080676,0.14868013847136213,0.027844559178721077,0.027810190458333845,0.04057865027825097,0.01995010211820506,0.006968548847062417,-0.001776649683209145,0.020515999725507328,0.05429455966933497,0.18068846616004916,0.08429653746883708,-0.0016096735358024036,0.05795462916375526,0.06551302904888605,0.010043229775801438,0.009978914639553523,0.08734503666559815,0.0701461636999457,0.0031539536175420246,0.07437760327917656,0.21747906165505101,-0.0008160538793817192,0.08129917551470339,-7.071132617451046e-05,-0.004798139169090241,0.1522130742927736,-0.0009203126708780986,0.15744384053666438,0.008275930190188565,0.0516113149848502,0.09728871844403458,0.15470098363282322,0.12676657688516388,0.0009616830415851041,0.02358366887594814,0.13507907422180468,0.011271298414885571,0.06529819916163529,0.021949400882525942
PI-People_169_h.jpg,0.009178032445634546,0.12526629868502762,-0.0070688848859333155,0.0006489869204803887,0.14664433970039323,0.01791066703910904,-0.010851280579056278,-0.007568630394963976,5.057424342714726e-05,0.009205690699933291,0.05690204329464965,0.06870728606940874,0.014538267444635959,0.004779011826160931,0.007220303267329961,0.0267858784667851,0.01618384396054306,0.012931922502185703,0.004953810714036783,0.01103729877814542,0.09858636212142038,0.003965886234188338,0.004315865306354178,-0.0007732357322286161,0.05494467944062484,0.0020037717828494013,-0.002387595069076155,-0.005711477598111181,0.03128998527097411,-0.007130645122995195,0.036397349528364105,0.04111901806920798,-0.004795787666755865,0.0032210186278170214,-0.009241179836948606,0.0040502704054367015,0.01074107448543442,0.0033899270731799955,0.05018056875506798,-0.002983332824152228,0.0011612308632988927,0.04270493684393038,0.0069463011123358205,0.11419653887600542,0.01620322403281964,0.011790849433062267,0.08247155057543017,0.006933866978527584,0.003840848641233312,-0.001934701915476143
PI-People_176_h.jpg,0.005336142405678212,0.12342989050922683,0.005535620237634312,0.010929881420422172,0.0936761067166823,0.09144578069570629,0.007418390025494298,0.0309627110884628,0.01744786448620026,0.034165331108859304,0.16710395917576337,0.11985666368774586,0.003675322186664314,0.042930336056268795,0.026108262211952893,0.0077910341687978035,0.018690351944475103,-0.0018814534190895133,-0.008623105305835287,0.09427249520809229,0.18573981401909495,0.07970811063625627,-0.002431791205017461,0.008538598767219628,0.15326257047976144,0.022289082228768138,0.03384184940461623,0.043963118365563957,0.051268761056594156,-0.0003691541058185861,0.01919729707992283,0.17424310295336778,0.02940801696146341,0.014604929776302759,0.0006167799817455009,0.023645538813822184,0.04305762370551975,-0.00484960745156918,0.1520520457342315,0.027709593911855464,0.0228915885768737,0.08307530215712365,0.059084741309115445,0.04708421320242269,0.007224742894662062,0.018457411328099332,0.1839627838974568,0.020288712420472334,0.01143027496133445,0.02223449354678045
PI-mountain.jpg,0.007416710622776055,0.1927123548398033,0.004197239420302676,0.02886909809793793,0.24676454947068996,0.07363137131848294,0.006460598224886006,-5.3428326239463806e-05,-0.001592915645059715,0.023608695682959712,0.1624426192891945,0.11219404706758997,-0.002139464954557596,0.03787566188981885,0.014895984901394186,0.02070875500556825,0.018681313033869447,0.0022549597032066318,0.052405545100440376,0.02894169601994949,0.20453773851416646,0.028437422980572155,0.003367934888147923,0.010403926486336717,0.12991208161607107,0.0061150024353803425,-0.018100793930775294,0.038803832445947144,0.039092265991697725,-0.0037810629608036445,0.004754395021590929,0.0748060955526562,0.01945089684388385,0.010556380958826533,0.0004534509148546363,0.006035527211087656,0.03409582567570811,0.029426612445295586,0.16408806538650667,-0.003292885723673919,0.006721031106117339,0.049922477263116556,0.025765916973759517,0.14852823694004177,0.011800650268343663,0.02321223862796674,0.10035961603332819,-0.009107519795966995,0.02372304001642225,0.025695555899204702
PI-smilingcouple.jpg,0.010592826405660033,0.1119943338662,0.040168199591783096,0.00278154869242398,0.1321694252033871,0.03495886389827932,0.02663424938282166,0.02181956132160709,0.0040948244097995315,0.011300848690424786,0.06248986041450839,0.09089709222174486,0.014485729039314794,0.0016466851865925048,0.028497895081930062,-0.00919958256453024,-0.0024259632216523355,-0.006381459493895649,0.012843181016499219,0.049261593882676244,0.11105837419029273,0.023272259303287,0.04853256916324299,0.05342022451334034,0.08290495755718781,0.011009849229235256,0.002738866786966297,0.03962687607683784,0.03186388846742917,0.003464154124231951,0.016464197774517693,0.1172034250277746,-0.0028361966026641244,0.009494150609720692,-0.006751307293609481,0.005984354213888326,0.03987265819673644,0.008420252709769286,0.05659219016667348,0.0245943370650834,0.05868412649906302,0.09077417957892271,0.016617631332713,0.07132226703593385,0.027690128241548737,0.005804585216438015,0.1311226361056855,-0.002513093604338854,-0.0013802406759218036,0.028219327025131545
PM-Kenya.jpg,0.055696809587995104,0.20725579912841763,0.033100832201925286,0.07047797046111888,0.25702556994618125,0.08853362076535103,0.0417850173089852,0.006407263245094406,0.02506804396401162,0.03470280795767595,0.14268968007739685,0.16350672747509043,0.0041965593652242,0.05281716468253137,0.03307893402335989,0.039290665288836873,0.04482459615260126,-0.005420483124729568,0.00031945489619688986,0.06297289005721125,0.1979723911523113,0.05244416567791999,0.028353823590141606,0.025925788265210907,0.12691729351647832,0.03814823965335665,-0.0037225462409315913,0.05763856998497128,0.026777027783786326,0.0004212722778962804,0.037088667454809744,0.13122502150884646,0.04297320025064858,0.028953209822288165,0.03205714605242429,0.03475844295005849,0.0732553508409251,0.024109053580103807,0.16665746222285605,5.374602261746851e-05,0.005662167945083383,0.06004089927576677,0.0717409223053285,0.1034356217014651,0.03320683425284187,0.03373257694556237,0.10899291489303105,-0.005415517498793215,0.049620527618615295,0.08646870236057685
PM-People_011_h.jpg,0.00034250721387264304,0.14369492297802278,0.009242075366384078,0.025799331380265158,0.22822883944169736,0.05009096664388596,0.02950575473941848,0.0627783619185514,0.015150451684484222,0.018830348088831942,0.19589374133639476,0.15436725949454222,0.010429612609576507,0.02537711899987362,0.035583476700279844,-0.0012438179283692668,0.019310431500998294,-0.001889896797532962,5.089889343164879e-06,0.08284199742558758,0.2584707997989896,0.08216921140167417,0.019526378505306502,0.04178649500115547,0.08143293078754954,0.010978447014435823,0.012833145719010952,0.08257490842226323,0.053784948997366404,-0.00027933087746678776,0.05919101295086405,0.12049471222598591,0.0023009705324662723,0.024409383174001258,-0.0002358640994562567,0.007403585203101372,0.06904973373402981,0.007100520731197936,0.1789825827906405,0.018869080552875277,0.032280103769350116,0.13779361349345368,0.09418203995829344,0.18068004517902214,-0.0023167680743558247,0.05677003545342931,0.11915496579314952,0.018585652924710296,0.019011924641655284,0.0242462544188624
PM-building.jpg,0.01588428828639202,0.1568378276847174,0.018666084340262925,0.030364819636483742,0.2810033059541637,0.13267765185245203,0.012530948347586324,0.03504048394498175,0.020948550279609145,0.024559732016244663,0.16445930185922503,0.1673547607233061,0.012545832336063769,0.07438167960865427,0.043931744922518244,0.03993668905270713,0.02512945855678955,-0.006559492447758351,0.019900521864603643,0.03783493340255543,0.23372037862877362,0.09050717603943029,-0.0004630723563283089,0.0451507009859957,0.09949545553303753,0.03579979738392751,0.013816531887745079,0.026958304160272464,0.02759397880440402,0.003913540266410304,0.08360534619171213,0.13690134738893725,0.05855460267267161,0.021540091011622704,0.0006112738963628709,0.037197694681814504,0.08131600105191211,0.0027994169317726875,0.18203015858946336,0.013986840622898003,0.028991205031842476,0.13725556092252372,0.0676206843057117,0.12307439745721824,0.002945420650327345,0.044816717794748585,0.15110826192683877,0.015418572882493495,0.0400586224833286,0.03621686185909869
PM-concert.jpg,0.017418571424114845,0.1391891769437628,0.03161943566874231,0.0018883730257020083,0.285905425142782,0.07596938737289519,0.040606218743422386,0.04415581885334985,-0.0032968309509350713,0.0037678549046982297,0.15816255456069184,0.14301611200836686,0.009013561903866964,0.04961960767282909,0.03613170289334034,0.0029623786904151286,0.015431175323239989,-0.010118380933059223,-0.007655236634779185,0.08032586064325364,0.24532150009519788,0.04600408868345942,-0.0064663970731743976,0.01865950074954384,0.10260682553014401,0.05007958723977359,-0.0036797840503325356,0.05310280625847732,0.06335113585368521,0.0070801469272994185,0.031191689135251867,0.10541657247535191,0.023879034212740135,0.0546207903264005,-0.00040300222819391034,0.03884209028154822,0.016494485681084706,-0.0006444878769156307,0.15945954778130317,0.0034065388775670544,0.02190214490872699,0.08059763506385913,0.064172477392867,0.17726215346747945,0.017584580356134836,-0.0016356211786483174,0.11814505481725873,0.003543356420825441,0.017667106782553645,0.062391597099947675
PM-firefighter.jpg,-0.00872595663125486,0.050546123081357655,0.007391953369201751,-0.004264467632102446,0.20087876073652974,0.055699681224508545,-0.011223269563768075,0.015596357523299229,-0.005415215269072449,0.021939747906168133,0.0876640135463655,0.1482031183390625,-0.005420888815148063,0.009452251062227917,0.015762850651168205,-0.011066438968682793,-0.00677154841800097,-0.0012434708530813883,0.0024542163434223287,0.04673894630570273,0.18698539438109935,0.09222355977862319,-0.005694171855114898,0.02600713424605446,0.08333644667299078,0.01372597297463526,0.006134218792353137,0.08568094797247316,0.02889714137347359,-0.0032130321436515835,0.09478857499983541,0.120835370834689,0.016464977135315417,0.022977237609771932,0.003974802990132724,0.008441686605840422,0.10945652625790692,-0.010535621794112795,0.09613774141051273,-0.004669855804149846,0.017525867345701798,0.08452358774968644,0.09163419963102962,0.0877019610865343,-0.005328744390870003,0.01970467626218074,0.13079111702619672,0.012677097486268952,0.008368288158508314,0.031037383225915937
PM-nurse.jpg,0.012022505753642611,0.0795395144860299,0.023653373832407114,0.015608480610601433,0.20152800425069292,0.03692808056331848,0.044421285020135814,0.021001761843798282,0.002144912619167337,0.013659327268901176,0.09102674993882655,0.12657613365685785,0.004726139795137808,0.03574300161456263,0.02066923039005644,0.007275555359722747,0.011684225220176713,-0.00473602983372893,0.0019081358886087567,0.06753346172477244,0.15470429710463074,0.027338379727968907,0.019400077809239774,0.019782001177192553,0.07162972462579037,0.03926511012864803,0.000979841863084845,0.07006974044565689,0.02410360252304564,0.0034395771144871104,0.014867064308585528,0.11521776795751083,0.05185611255173428,0.04420355449820799,0.03269668253886478,-0.0006655262164000853,0.015294024210706334,-0.008250401112535555,0.0989955598005912,-0.00931954654696235,-0.009098937296093195,0.07797379879136489,0.037969896463230214,0.11552124997579466,0.022231431302636474,0.016184279253274876,0.10333950185136187,-0.00330591601766892,0.04591538097329498,0.02582137110363463
PM-nycambulance.jpg,0.02761376631871053,0.19698065606066123,0.009262499769495506,-0.004814519936318059,0.21631025723564445,0.0446895684775061,0.031800626514606634,0.05286711490602034,-0.0004946987715521219,-0.0021451437319082714,0.2046917020475758,0.12399270121980034,0.011254944051512934,0.0021918833657671105,0.05709191785586574,-0.011777311955095978,-0.004119266219899604,-0.0036469244026607344,-0.00047416786714689124,0.06018527921831765,0.23105244150468107,0.06334469141695605,0.01132146470725575,0.004739762695971135,0.12715230161631,0.02402651781798432,0.009050811604245552,0.03823602276453313,0.09801795131659671,-0.0014061855220270797,0.014705304532917081,0.12803988889909898,0.033213688459278946,0.01868994210540247,0.005910192065417758,-0.011478151243278802,0.05383622368819516,0.0009009436497477717,0.18118266919152012,0.008457611252837586,0.001255743516842611,0.10822852340040263,0.06202187667299537,0.13773632640334385,-0.0007377094615118307,0.01041010515094336,0.0773237577666524,0.002298863126982053,0.020679622899692874,0.03636361973860124
PN-P072.jpg,-0.010187109651171084,0.1822658076673451,0.005085560831380475,-0.0006366038080991336,0.16904823817818349,0.002429773874214998,0.003225689394735357,0.018681614735974558,0.0184038014770232,0.0234922790127528,0.18194564283945777,0.16572759608402074,0.02066186663936618,0.006867412460564433,0.028097556205065426,-0.006023939636664781,0.003792575919393623,0.005796049080509351,-0.009189523102408332,0.011420093082339404,0.2575104526443862,0.06077229859821998,0.03193725572550921,0.022246903345866237,0.10830178993551275,0.015141884311570526,0.02133794746018568,0.03208524999629999,0.06163698908056638,0.016879703074694722,0.07842533673851347,0.014262482295698972,0.0005490951561951064,-0.004749888734510315,0.030888135316068936,0.006736837555998384,0.04148334199573324,-0.0017330280148610876,0.16796551184810596,0.006969345604229356,0.03100557472707607,0.08779175267339795,0.04906358417614654,0.23485642976118642,0.010189686848453283,0.02525638809800858,0.020589793791875043,0.01776444958115535,0.01628736070915843,0.012107359355794229
PN-arch.jpg,-0.003586947785869825,0.23067072765915325,-0.001551680362173141,0.023409552071083868,0.21187759497628614,0.0020978650197928197,0.005235657339525046,0.014486229452675196,0.007727829454957507,0.010174181145309425,0.14269223730443417,0.16323424118526458,-0.001117231453322815,-0.004351787846034023,0.011923301784938806,0.0029190962834934114,-0.0037628155681234733,0.0065568725440839455,0.013987247670686345,0.0014447988807477015,0.22653285933141454,0.06791449433604281,0.023350055229504122,0.003909571744930509,0.1003069375162785,2.0292345730684237e-06,0.015210431874289106,0.001958150852088167,0.03216886972721744,0.022781001530236118,-0.0008503197598237281,0.06028135552305975,-0.0032960550132282635,-0.004150310821364423,0.000358295390529686,0.005615038515403118,0.028770466158227745,0.01063267477754785,0.112865333432565,0.016362558800201255,0.0004236944571762703,0.053762958847489294,0.022200185244029672,0.21469506248982045,-0.008122560911992878,-0.007568380949139115,0.04165641447370518,0.0018034307124800497,0.006913565040054672,-0.0009341575413341148
PN-auroroa.jpg,0.01042931699865973,0.15067334174755487,0.003546073877769491,0.008850225673597481,0.21156866776338787,0.02521376979755219,0.0009986216423569485,-0.009800226309979659,0.011424784632152962,0.0029864064527201236,0.1863374485358196,0.11871502178402614,0.003489970663271279,0.019115610254982943,0.010426819992594875,0.003654237245276349,0.019413153559613337,-0.0005396776098896572,0.009169123910774511,0.009161092445226145,0.21330261022798472,0.0287270319499489,-0.001350764970515275,-5.969397568454173e-05,0.08822062920249704,0.01528076439924306,0.008673969691445401,0.02530618787266667,0.02071545944705423,-0.0017308656687260466,0.013852929142973262,0.03276717407268782,0.004518938562671422,0.000539689800347415,0.0013010025700961492,-0.005929617458492405,0.037010553636886476,-0.0023521420121597773,0.12472853124292818,0.017257152111819666,0.011094424322031027,0.044970502279113075,0.029831734019671322,0.19438766587083767,-0.0038189418714489136,0.007610432661262607,0.07098626485508477,-0.005023008117266444,-0.00726721484397827,0.0059809337925343185
PN-canyon.jpg,0.014083536494005218,0.226612235858629,0.005300859941636689,0.038088875102031815,0.24123147937063621,0.023102797134979636,0.05047895946267563,0.0011858406272520715,0.007183929724101964,0.0485665690420251,0.17305165901600897,0.15067778636231327,0.008550517363747286,0.03511139739675662,0.018369845823752236,0.034867320981345644,0.022995658533532744,-0.00046272958202305014,0.020853231186601744,0.052222960673049754,0.1921842874922262,0.11034596728374137,-0.003612801216562212,0.03929347751854693,0.1103127295012565,0.04260818038979741,-0.005239949689376937,0.05060197648041106,0.02958940666387031,-0.0023897613677314597,0.01180112797487346,0.0979107940790229,0.01369753442838327,0.008746193170528422,0.007429635635607929,0.019193001763648694,0.051975300164819785,-0.0010078196165660773,0.1947903168882917,-0.00849895398814815,0.006575881727631988,0.06305271672901944,0.06412358988612281,0.15461759015521204,0.01700241958950456,0.016207173060747395,0.09073193266683535,-0.006144289125054412,0.0059950988143062005,0.01857420628859346
PN-field.jpg,0.01181224977698687,0.09903917091208818,-0.007585854106917125,-0.0026359090395138137,0.13989307375354967,0.0009025513018668603,0.006102670823543152,-0.0018261687318678042,-0.001248736206017948,0.004354973346141196,0.12299563913644823,0.12527054332674167,-0.0021614532430442894,-0.010806113822352454,0.005820321269128621,-0.005129153131917537,0.013113826132298216,-0.011334176351219465,-0.00886562319264911,0.02279971944985965,0.1415471619422254,0.026790102829596395,-0.010298019775262852,-0.004427098751658802,0.07574856306064238,-0.0011672733415261781,0.004565469625125118,-0.010006109054532591,0.013689752064056867,-0.0025031366519524994,0.009424846276520259,0.02575100200066128,0.004978269646183115,-0.012259756293541941,-0.011905913050316682,0.0038466278772888336,0.007374796483739107,0.009714622466947268,0.07190685816200065,-0.018752892772005706,-0.00284553321784166,0.03750628643698948,0.021171750842461916,0.18612650124083266,-0.014873634113636791,-0.0009549872025049368,0.0249960538559021,0.0008135445241137002,0.014092394777094522,0.002204633323996958
PN-waterfall.jpg,-0.0021368129380077436,0.18378771994491092,-0.005530132630602472,-0.008089121959056974,0.2193310934403905,0.003540202799663242,-0.00054414304735487,0.01632833947314499,0.0063372040642378355,0.01612257456536753,0.15407802049039307,0.11287377207788607,-0.0065876706638592014,-0.0036565572129859656,0.017619690302656175,-0.007153235610665503,0.00391194986900999,0.00033595531717534093,0.0008533399330391394,-0.00462567800884983,0.23759333593019696,0.08254815759348139,-0.0003382894012544261,0.021011970762036588,0.08928083186769997,0.01852290694755559,0.0005912334259738009,0.005295165579523295,0.04742657453619962,0.013798542418617499,0.0195027987634649,0.08175360655909908,-0.014820454159167485,-0.006653008501214509,-0.0014300798384575362,-0.006550141835074777,0.026485645839959045,0.02226770985067475,0.15091397826059136,-0.010754181504347773,0.0077785047476200955,0.08592792575119211,0.062238801412583096,0.25429323962982636,-0.010802098045189447,0.006399737753947708,0.03975953759558277,0.0028391877350702785,-0.005274153905094863,0.010593664641238064
SI-2154.jpg,0.014712770718765549,0.11186592606046365,0.00291843422604152,0.044436982306242566,0.18222520973704517,0.09673938557773018,0.032543983782389894,0.009878700478871467,0.01455854825745678,0.01382709394932532,0.05576505118291583,0.09849028005182198,0.007518266976182734,0.00494071593829839,0.011979477397486204,0.022341908889863493,0.0012042918504091588,-0.0026571133715089356,0.014753138117183883,0.0195997300632413,0.13187297908019907,0.03946932927724134,0.022745323685525124,0.004165830601562045,0.08233154888317266,0.014571237698271334,0.008279444660312617,0.021515497941835448,0.01059078991078699,0.013584024827514212,0.031136909728072055,0.06918356546323395,0.040435336178973845,0.0026902800716167674,0.012506034293333567,0.00017205123666778102,0.0583970459436398,-0.005376174260575902,0.08172776660434723,-0.009444481307949998,0.007225476112692082,0.0150724292881773,0.034091404054253927,0.03703498467470324,0.008536558677428668,0.0022639967310769914,0.11527438404524269,-0.006354761990501781,0.0062914456336389726,0.015998450153587286
SI-8497.jpg,0.012826497177707808,0.13169653577576124,0.012553831664855337,0.018777648012285177,0.23421808842800865,0.044075178607390054,0.0008629026202869855,0.025188238237215034,0.0017867486864626128,0.030548504002942924,0.20296418234110772,0.20524944433908388,0.026622084831482682,0.04624120372457394,0.028593636753803088,-0.005845348033464838,0.0025400587406001237,0.008617898862656181,-0.00797060991065651,0.02509318815418464,0.22413401366707356,0.12199918760650703,0.034838549977952285,0.03704578691594413,0.0777971204272815,0.020486589633632302,0.005252976990770356,0.09060753966637779,0.034692409355183654,0.010164690525060515,0.06387876876795003,0.17080503806081346,0.040035908912177114,0.013936712266731396,0.0011342968429440116,0.012504197793327688,0.06826149391579335,0.0005335073968761399,0.17462275017672185,-0.0026581840848697072,0.01758848558632366,0.20180354802752554,0.08267920790655386,0.1525154648621415,0.018643669683697482,0.04105160752342038,0.0965990209986201,0.02308277054152127,0.014820105152657397,0.02874732105674098
SI-Faces_349_h.jpg,0.00771889867944757,0.07920407554072646,0.009737209333652463,0.010340283104860317,0.25934506441038907,0.047054827298457,0.014602101715508492,0.022090990285108324,0.013744265773042594,0.004717734085377988,0.08782803719875586,0.13453961378136617,0.006964649054352672,0.03188754679496356,0.016852589554915733,0.011989469026287364,0.006851420501727087,-0.0038894967528599737,-0.006536792370902623,0.037418529255773464,0.16602404584313651,0.052910036836286145,0.005191188006627734,0.021247609998772166,0.05386456654581702,0.01983566690131821,0.005565493786748579,0.03445172206069012,0.027837582932458433,0.019470190298317654,0.035187148808281374,0.11066667007094566,-0.004063129950540743,0.021180096654372697,0.00998489252394759,0.01176046576869073,0.05668013409818767,-0.004979922658493192,0.09105019893577518,0.0007750871247163678,0.010451857111130976,0.07544900867948894,0.044099860875614995,0.13522524147757917,-0.011187822419706195,0.01190363020375165,0.13349268903434403,0.009061205039582427,0.006933482819536679,0.031921780124728454
SI-People_174_v.jpg,-0.0028336272976003368,0.12096358991858416,0.015790707882688673,0.001749132980334358,0.18145214653467587,0.03730917787572035,-0.0032761620676742265,0.009566217305168857,0.003770627763058529,-0.0016027009343663684,0.08011634862140367,0.11248362375907298,0.0016184854078119366,0.017645879725835745,0.006346845209504932,-0.006522605286619214,-0.0003767965247596143,-0.0111045618631304,-0.013277877470178412,0.05129203706313342,0.13890715452851127,0.05028335405159699,-0.012224129918621979,0.025781490255915595,0.06976231986294512,0.013545698709492415,-0.0028412038675549455,0.026997431573922977,0.009371193174322865,-0.0007813881291782755,0.017672560476416032,0.10062147376675357,-0.0007384022770588179,0.0205251110357727,-0.007211754974660104,-0.0027581163357587044,0.07852910461090284,-0.0056786110726312344,0.13029751720679733,-0.007109968167251603,0.014801023050182934,0.05203609450186332,0.08673956675820044,0.03919849826255878,0.01610660649624035,0.007371550700394653,0.1349849676884011,-0.007258393678597442,-0.002436078260048193,0.0013073500071377878
SI-children.jpg,-0.0032687759088900763,0.11230188876423189,0.0014423042066374504,0.02421166919505329,0.23167437672445304,0.03708520377506882,0.01643928838342227,0.003957028944935133,-0.004771724436823726,0.018595958412293667,0.11132712438155785,0.0890301104254539,0.007198290388326388,0.0060282615101552636,0.0032996449310986843,0.001887079638998666,0.00023626247025030714,-0.0016248042708855417,0.012492509013527976,0.02170482808825569,0.1548945285361922,0.021356375788647457,0.0036269401441401863,0.009651337738596985,0.03996789980284036,0.0026117196168098096,0.0022911117218900436,0.032311633307977025,0.03051963876120008,-0.01047485877929821,0.0009227223419783062,0.07862151831640656,0.013426127357373004,-0.006732732145858181,-0.003057320940362975,0.0022303848422824553,0.005368344695887055,-0.001253785370342031,0.058100214601711775,-0.012790256846801419,-0.003686151265859491,0.06894837636601268,0.00025002706439678765,0.10433106741560834,0.0006673784936921426,0.004919112449395886,0.10916282805860311,-0.0060428687597132175,0.0065113888665528355,0.008991406162641003
SI-dinner.jpg,-0.00482978202099768,0.08486785074164262,0.004669959152474197,0.002668649463441155,0.2143331377490136,0.05235474409629242,0.03164671629045556,0.03233490698680158,0.008955857424629251,-0.005757325073038271,0.16220254150295121,0.14285040450817071,0.021167606647246616,0.015158861097289984,0.028686034893782058,-0.0075269040237026085,-0.001144536937897473,0.0040968713591421615,-0.0006658832435981974,0.05506959486306961,0.1933030308102849,0.11027914881021754,0.04414147699836261,0.03566317083732013,0.09228548639752472,0.03494118301030121,-0.008982533487093573,0.04064199294208618,0.04833828622827659,-0.0014729315800033767,0.030145872834325134,0.11461698988038947,0.03675025356567917,0.01762280813254541,0.014273916899428146,-0.009467567264473117,0.052722578961515554,-0.001458207305950136,0.11442417892139513,0.001801774254889977,0.02414842222021159,0.08845901995214944,0.07475315330497585,0.12178705556880669,0.018981704614543012,0.02242156605821491,0.1133196048919545,0.009338833376610227,0.014294060559625569,0.03166120623725499
SX-4311.jpg,0.022993118115512405,0.12104975767427709,0.01321791784247228,0.07167414438737711,0.12496784315610139,0.11678522794746603,0.028264757455691222,0.05150644310914106,0.07816419385761501,0.07434804250965334,0.12441449496289407,0.11102377794107421,0.030198802577421132,0.06477245655717444,0.05540654994646283,0.06666006968545574,0.0614997552540894,0.023535219441047455,0.07635066112348572,0.08575323093407347,0.1809257425067208,0.08636081583284724,0.04301714727319333,0.07142599359338096,0.0771374803185705,0.07738605139055975,0.01682099289947957,0.10877234164555566,0.04691045493112635,0.007145534038696616,0.06765309803985488,0.1698248469633731,0.014998070037153229,0.11492813923946366,0.030452622963200598,0.023384413859611392,0.10251429711142958,0.022519609483830135,0.17191656909038372,0.013073183854132838,0.05477904147790617,0.09235774910151205,0.1396576177558457,0.11386164707653978,0.0436345220818588,0.040811150691437106,0.1381974365529328,0.011643698770230825,0.038705970700800486,0.04402157644859674
SX-Female_couple_022_h.jpg,0.02536237780631691,0.1099887658883397,0.020098932711016478,0.08803050515404982,0.20737991216569168,0.14397821533396632,0.03824437064735469,0.08193404558286069,0.09171381853108196,0.09835148528362084,0.17553695907365569,0.1480092876325595,0.04379972207176151,0.05052850066647221,0.057967209033589456,0.08055890338375322,0.06257994776283729,0.04509394994766175,0.026156259706192075,0.07473735417691846,0.19663424560570286,0.13952434699252322,0.038314610761980304,0.08138917749178148,0.12889465002087805,0.1465641870606868,0.08134882803132056,0.13878360874319234,0.09240494735046362,0.05316843248755513,0.07903190044002943,0.23588088149257816,0.010580558391952467,0.10142135366374183,0.0631486740321591,0.0065972709145492,0.1469752393298766,0.011736293003083363,0.17739570816733896,0.08987344111282318,0.07521977544481416,0.1013893156545319,0.17149968690880837,0.1441809715449385,0.041092523732437235,0.04614572625953979,0.1431200138795859,0.07419179445472866,0.0951840948818813,0.0781845026375076
SX-Male_024_h.jpg,0.013507416835513198,0.1822636594836635,0.011891521022306862,0.014860926327571073,0.24457306129432285,0.0619797220008537,0.005039221121351076,0.01753514260411813,0.01575701167525518,0.05228362629118942,0.19931623377247326,0.22328271791471785,0.00521219039740613,0.017312581315179102,0.040183481692055004,0.13059756763721828,0.025713310743317872,0.016567561256291993,0.03840564095495093,0.01281121866816748,0.25020646479926445,0.14756778388472008,0.039709920372227134,0.0579320359178107,0.06748227647277708,0.07682590263762522,0.06056878745018571,0.12201588950881596,0.024193666417384043,0.0019634933942277075,0.056788660127799824,0.27809609963988347,0.015031416265340117,0.036091664308608065,0.0067047288503215416,0.03622733807304243,0.14441677209872758,0.002378138516003442,0.18235296293373088,0.0001722830990922746,0.06679140963509807,0.1565964688448961,0.09552786573740925,0.14763812591299133,0.0031709290715314187,0.04592871092615742,0.22965441491258473,0.07806156470908389,0.04322018421004796,0.026574248087640025
SX-Opposite-sex_couple_005_h.jpg,0.04555274094501349,0.14544027262593173,0.03891986756145717,0.034629954779486806,0.1370767809933407,0.1419472524383325,0.03585558411778739,0.11609040801652605,0.08325943767063464,0.09405953658721579,0.19223883328487906,0.15005440694664657,0.08584407223034814,0.026622335281380888,0.09040129501797214,0.06549200795365415,0.083481796998048,0.06163319487329717,0.06787236643219041,0.09907810543620214,0.22819633863597502,0.17281309938242406,0.050027309025723415,0.05988539973299366,0.18887011980933371,0.12360021404021407,0.06776673397804932,0.14492694098908188,0.15134468477158278,0.10461671450016846,0.10363265385028324,0.31730589574178086,0.04803486577457323,0.08651366053441653,0.0799055735146795,0.008469920415913074,0.17381900804869338,0.04012783668472759,0.2002535984925886,0.14981767078620323,0.08169556319781517,0.1145138477609775,0.1916672234797398,0.10319137686748651,0.008367447938720926,0.03835715301372542,0.15818745596826853,0.047255408860933226,0.0831859885191869,0.06033733067055266
SX-Opposite-sex_couple_017_v.jpg,0.04781801753362429,0.18467899019660444,0.003934525882534074,0.039447086920538464,0.22397766656621587,0.14075158015253902,0.026159176089067645,0.04811149862033717,0.02779258641926685,0.07226176555430051,0.17417812604664024,0.1681204967300559,0.032633236169038515,0.016309058025129126,0.041010045301079386,0.03766025132234372,0.04486713919193715,0.012863645085249552,0.0014169749085354228,0.08411087157440479,0.24818238653931915,0.1500954318200006,-0.0032936235448295455,0.07633325849702663,0.09499473364895787,0.05088271303840445,0.03921378657496557,0.09443188512177808,0.08183607694516594,0.006849606547042767,0.053771391380970715,0.25609630023882934,-0.0004695314192753443,0.061164384349088934,0.03707193275504253,-0.007189492869618557,0.12253281015291516,-0.002304372511548189,0.2223713968466971,0.0064807459849712985,0.03943690248506801,0.1246890156285504,0.12079575884383374,0.10223786800203206,0.02376960809113309,0.04716686986775458,0.1992949878011441,-0.0008514812828554115,0.04604079442290891,0.04488264512635662
SX-Opposite-sex_couple_023_h.jpg,0.023610230952956203,0.1851669782558295,0.03710451009113244,0.04626064496735485,0.2200187632348567,0.1519601412964752,0.007273831579742951,0.036457895322164154,0.05221401470260332,0.08953605019163974,0.19524510261637476,0.18016797921472974,0.038831929648172336,0.01605103854574365,0.05214418970320427,0.11892359322607705,0.04646288740255895,0.02835328753718923,0.05004950171175027,0.07820484414644772,0.23482348796632624,0.10642119583444748,0.010972753520015078,0.041099208967073364,0.10549999759033991,0.1168127194599605,0.056663002351758425,0.1174455533609386,0.055678062843512496,0.04917712910532705,0.07339730060550133,0.28700966392192123,0.04185546015414695,0.07041960787212638,0.04867725866954387,0.01623143202146266,0.1291870379912687,0.010502198121552156,0.19473099200226116,0.019056453663149158,0.05632433872551833,0.11618494112716257,0.13162640893296182,0.1120417268992611,0.01190159797142316,0.0309151562447957,0.20814992026221882,0.019983062176696455,0.056613967133628686,0.04927872136918008
TH-1120.jpg,0.035660418405176614,0.18670996226171585,0.015729821088025373,0.011460770008280297,0.22012343278038773,-0.0009668121029557617,0.023195724985211382,0.025288701813549364,0.010222992059128536,0.010922622021393604,0.13936011462112413,0.17776659175302695,0.0017287184058299959,-0.0008253474879162102,0.021190622166297406,0.011387605843502593,0.015494686575970591,0.012865786044156016,0.019012488497535902,0.013663749740927376,0.2062558508481848,0.15564337877427775,0.0042024258779299415,0.037834840447729175,0.0572348864674474,-0.002190965872468465,0.0004818349046182219,0.03853823978423378,0.046084219565211706,0.014012505588778885,0.021617154337381105,0.23921925609278594,0.0003628838005146179,0.008804659521555533,0.03173648854244108,0.007590739651790789,0.07197075412266625,0.001031760116068452,0.17903628064596008,0.014638115988065414,0.024487295859095252,0.05932797133222819,0.09883511302884605,0.10873549357174823,0.0034320799287551004,-0.002185294565019659,0.12987010579058333,0.001964957681269451,-0.001817889933049581,0.012595182003689972
TH-1201.jpg,0.020937514741450353,0.15342252857752953,0.024499318867764443,0.002211495671727786,0.17771934369686776,0.02448391028671347,-0.0021151681747696646,0.012725215535734144,0.018961634179790715,0.021240342446237025,0.1936888550561765,0.12055362172726646,0.021096857504965847,-0.009043056831022162,0.03229381395288963,0.0036329168023324842,0.011315013225112216,-0.0005893036766932221,0.07827287323947463,0.014813429667400808,0.20695915200989487,0.04438533572508369,0.008291107827304361,0.04549219878701976,0.0908369721669855,0.06646941696115621,-0.008167752224671997,0.09801759569830862,0.03161406783115125,0.0029930087936259567,0.03622599654540126,0.12479546199254515,0.011703164821235828,0.01939026869801309,0.01506677727393443,0.010600122066494022,0.06747980334300042,0.04030099744269827,0.11973868086057603,0.008679381968618557,0.061591398892391847,0.10322867881103906,0.05709295153588755,0.05905425351436425,0.025766033337143786,0.026570263837789838,0.1298965864392484,0.004261366837842261,0.03316173768835098,0.01565543237612088
TH-2811.jpg,-0.0013017980110155741,0.1265441957432666,0.05533993620970786,-0.0035596061470097424,0.10625887781998329,0.0981905401498359,0.01717617047941462,0.016390154891003317,-0.0002478375493089858,0.05385521600891796,0.11049783469093354,0.13535533321846888,0.008199464541972038,0.014009222613468554,0.024093480068754735,0.027711592325150445,0.021855734704524264,0.008941907967609556,0.024103044559934988,0.05785094903267472,0.18895572631648858,0.09796809368534377,-0.006852474012696127,0.06751079964480135,0.032602066608262606,0.057419003811894825,0.008327380577450895,0.11922962044102642,0.02699878355881978,0.0012218365450828693,0.056368508510645884,0.1948382225691396,0.0764077402855104,0.07753867620315684,0.008160009241209123,0.015969177565058564,0.08103986744965125,0.026433805102353592,0.1951329149100181,0.007439809117322183,0.04784181521572623,0.09933079697468201,0.088951952139189,0.09211808070223648,-0.007096469926804377,0.0341548189752052,0.15718462138489017,0.02643266168763513,0.012240786498644355,0.040464580591962444
TH-Animals_004_v.jpg,0.014226033742829897,0.10481549821571352,0.006513965574065851,0.00942913301159945,0.2305620980076928,0.020240407094713576,0.02196290124384807,0.024420695088565533,0.000791930929714207,0.05167510175649241,0.13325246686363257,0.15809276409497866,0.02526780940701458,0.025884447705017303,0.024987427563056885,0.026916561870387778,0.02378127978050642,-0.006167606031716543,0.006202849049678643,-0.00022029135517918742,0.17823264143476591,0.1180490466122976,0.010087176827327763,0.04767376848575661,0.075960746868643,0.035171895813690575,-0.0034329277378256804,0.06386905951937077,0.02311036325266707,-0.004184915594023599,0.018958618549243248,0.20889549517009248,0.02257037989950904,0.014993831977134959,-0.005135447331004001,-0.0007247225698895638,0.09145059017446897,0.0043466723240764395,0.12435661180266737,0.00272498825627181,0.019385309266577957,0.10085330358456625,0.06285189046510656,0.09480651407650115,-0.00677226716271128,0.013418522715126262,0.15140844724941258,-0.0016805102242311897,0.013045976385842276,0.021796582890093355
TH-Animals_069_h.jpg,-0.004615435251698018,0.144746942700399,0.004206490055982036,-0.00910747137913963,0.13377633071809497,0.003393411725694713,0.010271095963792578,0.01239228416224142,0.03158928692342571,0.02063790940067969,0.18615772839811454,0.12216047364365139,0.008400642867761246,-0.00520556375797485,0.015603894082938888,-0.010101236998566729,0.0040857654922656205,0.05326268051117285,0.018933774999393506,0.002082662930729631,0.19167337106139762,0.037633673891770504,0.009499512871785387,0.02458734137807549,0.06954965679538655,0.011524840274297125,0.008567864263368275,0.04652665013374523,0.0348658026687136,0.016140458371190942,0.03172106195316047,0.09786642624252041,0.01186206758758598,0.019835510740473076,0.02867976095009183,0.01172846714732056,0.01879886993534205,-0.004061080537101217,0.10881826844811807,-0.009701778496050927,0.02197245784733781,0.07164720651226326,0.061251545910152666,0.09694958919747404,-0.006155248905535707,0.0013033461464563886,0.10822659397043334,0.009798673207225196,0.00737379716473684,0.0049426291253077135
TH-Faces_016_h.jpg,0.000246035969190599,0.1290104698216129,0.026994298889384278,0.044667695988887854,0.31959219724922894,0.13175592182238743,0.03995379250796405,0.03750575971390999,0.015556187352631905,0.05691876810622453,0.15794027232954236,0.16632540221990927,0.0109694973252376,0.06203721446806659,0.039799092122507346,0.03216858634810393,0.023760778185089388,-0.005297034888977106,0.038294188482905375,0.05610457181750681,0.22075141858344763,0.12855622916077933,0.030315017472772474,0.06861305476157971,0.10765683979170323,0.035327662508882585,0.007576397436131363,0.1118064907783572,0.02847556223202382,0.0051603917063085935,0.03179492098295194,0.2527006202213095,0.032701444748169536,0.033572900479266365,0.012390266996211733,0.013776500263773028,0.12764347142375113,0.027313080029042248,0.1525293392701037,0.005011557808042589,0.03765935588864529,0.13565993359528136,0.09535827451471925,0.14580610244873246,0.03646958770076427,0.02994994275516629,0.15542326386292904,-0.0048414422127313625,0.02039908537315404,0.03689476697479648
